债券代码,债券简称,申购日期,申购代码,申购上限,正股代码,正股简称,正股价,转股价,转股价值,债现价,转股溢价率,原股东配售-股权登记日,原股东配售-每股配售额,发行规模,中签号发布日,中签率,上市时间
113631,皖天转债,2021-11-08,754689,100.0,603689,皖天然气,11.0,11.12,98.9208633093525,100.0,1.09090909090912,2021-11-05,2.767,9.3,2021-11-10,,
111001,山玻转债,2021-11-08,713006,100.0,605006,山东玻纤,14.15,13.91,101.725377426312,100.0,-1.69611307420493,2021-11-05,1.2,6.0,2021-11-10,,
123129,锦鸡转债,2021-11-04,370798,100.0,300798,锦鸡股份,9.3,9.53,97.5865687303253,100.0,2.47311827956989,2021-11-03,1.4362,6.0,2021-11-08,0.0041304969,
127049,希望转2,2021-11-02,070876,100.0,000876,新希望,16.2,14.45,112.110726643599,100.0,-10.8024691358028,2021-11-01,1.8374,81.5,2021-11-04,0.0230951278,
123128,首华转债,2021-11-01,370483,100.0,300483,首华燃气,19.46,25.02,77.7777777777778,100.0,28.5714285714285,2021-10-29,5.1371,13.794971,2021-11-03,0.0113842934,
123127,耐普转债,2021-10-29,370818,100.0,300818,耐普矿机,35.07,37.0,94.7837837837838,100.0,5.50327915597375,2021-10-28,5.787,4.0,2021-11-02,0.0032734062,
110082,宏发转债,2021-10-28,733885,100.0,600885,宏发股份,74.5,72.28,103.071389042612,100.0,-2.97986577181202,2021-10-27,2.685,20.0,2021-11-01,0.0084696,
113630,赛伍转债,2021-10-27,754212,100.0,603212,赛伍技术,31.2,32.9,94.8328267477204,100.0,5.44871794871791,2021-10-26,1.749,7.0,2021-10-29,0.00355375,
127048,中大转债,2021-10-26,072896,100.0,002896,中大力德,20.6,22.1,93.2126696832579,100.0,7.28155339805827,2021-10-25,2.5961,2.7,2021-10-28,0.0014588823,
127047,帝欧转债,2021-10-25,072798,100.0,002798,帝欧家居,14.01,13.53,103.547671840355,100.0,-3.42612419700236,2021-10-22,3.877,15.0,2021-10-27,0.0079135913,
127046,百润转债,2021-09-29,072568,100.0,002568,百润股份,68.37,66.89,102.2126,140.5,37.46,2021-09-28,1.5064,11.28,2021-10-08,0.0013496701,2021-11-03
113629,泉峰转债,2021-09-14,754982,100.0,603982,泉峰汽车,35.0,23.03,151.9757,164.98,8.56,2021-09-13,3.078,6.2,2021-09-16,0.00375771,2021-10-21
123126,瑞丰转债,2021-09-10,370243,100.0,300243,瑞丰高材,13.2,17.8,74.1573,111.15,49.88,2021-09-09,1.4634,3.4,2021-09-14,0.0012073386,2021-10-18
123125,元力转债,2021-09-06,370174,100.0,300174,元力股份,15.92,17.61,90.4032,118.08,30.61,2021-09-03,2.8824,9.0,2021-09-08,0.0050720323,2021-09-30
113628,晨丰转债,2021-08-23,754685,100.0,603685,晨丰科技,11.39,13.06,87.2129,111.86,28.26,2021-08-20,2.455,4.15,2021-08-25,0.00195979,2021-09-17
123124,晶瑞转2,2021-08-16,370655,100.0,300655,晶瑞电材,38.7,50.31,76.9231,122.79,59.63,2021-08-13,1.5353,5.23,2021-08-18,0.0028963875,2021-09-07
127045,牧原转债,2021-08-16,072714,100.0,002714,牧原股份,59.07,47.91,123.2937,140.13,13.66,2021-08-13,1.8145,95.5,2021-08-18,0.014138096,2021-09-10
127044,蒙娜转债,2021-08-16,072918,100.0,002918,蒙娜丽莎,19.56,27.07,72.2571,117.141,62.12,2021-08-13,2.8518,11.6893,2021-08-18,0.0018822523,2021-09-16
118002,天合转债,2021-08-13,718599,100.0,688599,天合光能,69.7,50.51,137.9925,152.99,10.87,2021-08-12,2.539,52.52,2021-08-17,0.01059947,2021-09-01
123123,江丰转债,2021-08-12,370666,100.0,300666,江丰电子,42.5,51.93,81.8409,119.0,45.4,2021-08-11,2.2865,5.165,2021-08-16,0.0033476722,2021-09-01
127043,川恒转债,2021-08-12,072895,100.0,002895,川恒股份,34.8,21.02,165.5566,175.0,5.7,2021-08-11,2.3749,11.6,2021-08-16,0.0046218017,2021-09-23
127042,嘉美转债,2021-08-09,072969,100.0,002969,嘉美包装,5.89,4.87,120.9446,125.7,3.93,2021-08-06,0.7809,7.5,2021-08-11,0.0070443845,2021-09-08
123122,富瀚转债,2021-08-06,370613,100.0,300613,富瀚微,155.33,177.04,87.7372,131.1,49.42,2021-08-05,4.8352,5.8119,2021-08-10,0.0021179642,2021-08-24
123121,帝尔转债,2021-08-05,370776,100.0,300776,帝尔激光,155.21,192.7,80.5449,125.629,55.97,2021-08-04,7.9394,8.4,2021-08-09,0.0012905978,2021-08-27
123120,隆华转债,2021-07-30,370263,100.0,300263,隆华科技,10.96,7.76,141.2371,168.15,19.06,2021-07-29,0.8835,7.989283,2021-08-03,0.0022189544,2021-08-23
110081,闻泰转债,2021-07-28,733745,100.0,600745,闻泰科技,117.0,96.67,121.0303,145.86,20.52,2021-07-27,6.907,86.0,2021-07-30,0.04402965,2021-08-20
118001,金博转债,2021-07-23,718598,100.0,688598,金博股份,362.8,271.62,133.569,161.38,20.82,2021-07-22,7.498,5.99901,2021-07-27,0.0017707,2021-08-18
123119,康泰转2,2021-07-15,370601,100.0,300601,康泰生物,109.43,145.33,75.2976,121.3,61.09,2021-07-14,2.9113,20.0,2021-07-19,0.0141817815,2021-08-05
113627,太平转债,2021-07-15,754877,100.0,603877,太平鸟,35.13,50.32,69.8132,118.94,70.37,2021-07-14,1.697,8.0,2021-07-19,0.00054163,2021-08-06
127041,弘亚转债,2021-07-12,072833,100.0,002833,弘亚数控,30.77,38.09,80.7824,120.588,49.28,2021-07-09,1.98,6.0,2021-07-14,0.0048246828,2021-08-10
127040,国泰转债,2021-07-07,072091,100.0,002091,江苏国泰,12.64,9.02,140.133,153.505,9.54,2021-07-06,2.9148,45.574186,2021-07-09,0.0175529317,2021-08-10
123118,惠城转债,2021-07-07,370779,100.0,300779,惠城环保,15.6,17.11,91.1748,112.5,23.39,2021-07-06,3.2,3.2,2021-07-09,0.0024427362,2021-07-26
113626,伯特转债,2021-06-29,754596,100.0,603596,伯特利,59.3,36.01,164.6765,179.61,9.07,2021-06-28,2.213,9.02,2021-07-01,0.00306762,2021-07-21
127039,北港转债,2021-06-29,070582,100.0,000582,北部湾港,7.55,8.35,90.4192,115.211,27.42,2021-06-28,1.8468,30.0,2021-07-01,0.0182929759,2021-07-23
123117,健帆转债,2021-06-23,370529,100.0,300529,健帆生物,52.01,90.57,57.4252,116.311,102.54,2021-06-22,1.2421,10.0,2021-06-25,0.0018136556,2021-07-12
113051,节能转债,2021-06-21,783016,100.0,601016,节能风电,7.11,4.05,175.5556,173.03,-1.44,2021-06-18,0.598,30.0,2021-06-23,0.01332842,2021-07-22
113050,南银转债,2021-06-15,783009,100.0,601009,南京银行,9.59,10.1,94.9505,118.3,24.59,2021-06-11,1.998,200.0,2021-06-17,0.02907534,2021-07-01
113625,江山转债,2021-06-11,754208,100.0,603208,江山欧派,52.34,96.33,54.3341,109.55,101.62,2021-06-10,5.549,5.83,2021-06-16,0.00101858,2021-07-01
113049,长汽转债,2021-06-10,783633,100.0,601633,长城汽车,63.02,38.0,165.8421,200.42,20.85,2021-06-09,0.573,35.0,2021-06-15,0.00528552,2021-07-08
127038,国微转债,2021-06-10,072049,100.0,002049,紫光国微,222.4,137.78,161.4168,189.02,17.1,2021-06-09,2.4719,15.0,2021-06-15,0.0089843401,2021-07-14
123116,万兴转债,2021-06-09,370624,100.0,300624,万兴科技,45.2,49.78,90.7995,124.8,37.45,2021-06-08,2.9146,3.7875,2021-06-11,0.0031002913,2021-07-01
123115,捷捷转债,2021-06-08,370623,100.0,300623,捷捷微电,32.11,29.0,110.7241,139.28,25.79,2021-06-07,1.6225,11.95,2021-06-10,0.0028256096,2021-06-29
127037,银轮转债,2021-06-07,072126,100.0,002126,银轮股份,12.0,10.77,111.4206,142.0,27.44,2021-06-04,0.8837,7.0,2021-06-09,0.0027731843,2021-07-09
127036,三花转债,2021-06-01,072050,100.0,002050,三花智控,24.1,21.55,111.8329,139.8,25.01,2021-05-31,0.8375,30.0,2021-06-03,0.009443869,2021-06-30
127035,濮耐转债,2021-05-26,072225,100.0,002225,濮耐股份,4.2,4.43,94.8081,118.3,24.78,2021-05-25,0.6199,6.263903,2021-05-28,0.0053471158,2021-06-18
123114,三角转债,2021-05-25,370775,100.0,300775,三角防务,52.02,31.82,163.4821,187.086,14.44,2021-05-24,1.8251,9.043727,2021-05-27,0.003312021,2021-06-11
111000,起帆转债,2021-05-24,713222,100.0,605222,起帆电缆,25.04,20.1,124.5771,140.48,12.77,2021-05-21,2.496,10.0,2021-05-26,0.00843359,2021-06-17
127034,绿茵转债,2021-04-30,072887,100.0,002887,绿茵生态,9.14,12.38,73.8288,102.844,39.3,2021-04-29,2.327,7.12,2021-05-07,0.0076133113,2021-05-28
113624,正川转债,2021-04-28,754976,100.0,603976,正川股份,34.4,46.69,73.6774,106.86,45.04,2021-04-27,2.678,4.05,2021-04-30,0.00391946,2021-06-01
113048,晶科转债,2021-04-23,783778,100.0,601778,晶科科技,8.93,5.46,163.5531,163.28,-0.17,2021-04-22,1.084,30.0,2021-04-27,0.02540444,2021-05-31
123113,仙乐转债,2021-04-19,370791,100.0,300791,仙乐健康,46.79,56.88,82.2609,116.1,41.14,2021-04-16,8.5407,10.248929,2021-04-21,0.0012972269,2021-05-14
127033,中装转2,2021-04-16,072822,100.0,002822,中装建设,5.11,6.28,81.3694,108.36,33.17,2021-04-15,1.6078,11.6,2021-04-20,0.0127924905,2021-05-24
110080,东湖转债,2021-04-12,733133,100.0,600133,东湖高新,5.21,6.05,86.1157,106.88,24.11,2021-04-09,1.948,15.5,2021-04-14,0.01334922,2021-05-12
127032,苏行转债,2021-04-12,072966,100.0,002966,苏州银行,6.81,8.1,84.0741,110.84,31.84,2021-04-09,1.4999,50.0,2021-04-14,0.0463395661,2021-05-12
113047,旗滨转债,2021-04-09,783636,100.0,601636,旗滨集团,15.58,12.8,121.7188,145.37,19.43,2021-04-08,0.564,15.0,2021-04-13,0.00706166,2021-05-07
123112,万讯转债,2021-04-08,370112,100.0,300112,万讯自控,11.65,8.93,130.4591,142.2,9.0,2021-04-07,0.8599,2.457212,2021-04-12,0.0024070169,2021-04-23
113623,凤21转债,2021-04-08,754225,100.0,603225,新凤鸣,14.17,16.47,86.0352,122.04,41.85,2021-04-07,1.789,25.0,2021-04-12,0.0054826,2021-05-07
123111,东财转3,2021-04-07,370059,100.0,300059,东方财富,32.57,23.35,139.4861,149.2,6.96,2021-04-06,1.8344,158.0,2021-04-09,0.0587697466,2021-04-23
123109,昌红转债,2021-04-01,370151,100.0,300151,昌红科技,34.8,28.06,124.02,134.288,8.28,2021-03-31,0.9263,4.6,2021-04-06,0.0045166298,2021-04-19
123110,九典转债,2021-04-01,370705,100.0,300705,九典制药,22.35,26.44,84.531,117.549,39.06,2021-03-31,1.1505,2.7,2021-04-06,0.0021121042,2021-04-23
123108,乐普转2,2021-03-30,370003,100.0,300003,乐普医疗,21.28,29.5,72.1356,116.86,62.0,2021-03-29,0.9139,16.38,2021-04-01,0.0172882477,2021-04-19
123107,温氏转债,2021-03-29,370498,100.0,300498,温氏股份,17.35,17.62,98.4677,121.0,22.88,2021-03-26,1.4587,92.97,2021-03-31,0.0170006161,2021-04-21
110079,杭银转债,2021-03-29,733926,100.0,600926,杭州银行,14.4,12.99,110.8545,126.12,13.77,2021-03-26,2.529,150.0,2021-03-31,0.06353692,2021-04-23
113622,杭叉转债,2021-03-25,754298,100.0,603298,杭叉集团,16.93,23.08,73.3536,115.55,57.52,2021-03-24,1.327,11.5,2021-03-29,0.00155683,2021-04-14
127031,洋丰转债,2021-03-25,070902,100.0,000902,新洋丰,18.1,19.94,90.7723,129.912,43.12,2021-03-24,0.7969,10.0,2021-03-29,0.0036186809,2021-04-23
123106,正丹转债,2021-03-24,370641,100.0,300641,正丹股份,6.32,7.5,84.2667,112.989,34.09,2021-03-23,0.6582,3.2,2021-03-26,0.0052517895,2021-04-20
128145,日丰转债,2021-03-22,072953,100.0,002953,日丰股份,17.67,13.66,129.3558,133.35,3.09,2021-03-19,2.1854,3.8,2021-03-24,0.0011090651,2021-04-16
127030,盛虹转债,2021-03-22,070301,100.0,000301,东方盛虹,23.25,14.1,164.8936,187.299,13.59,2021-03-19,1.0341,50.0,2021-03-24,0.01612593,2021-04-21
113046,金田转债,2021-03-22,783609,100.0,601609,金田铜业,8.04,10.75,74.7907,111.05,48.48,2021-03-19,1.029,15.0,2021-03-24,0.01333617,2021-04-12
123105,拓尔转债,2021-03-19,370229,100.0,300229,拓尔思,8.96,9.96,89.9598,117.25,30.34,2021-03-18,1.1157,8.0,2021-03-23,0.0053683832,2021-04-27
127029,中钢转债,2021-03-19,070928,100.0,000928,中钢国际,6.71,5.79,115.8895,131.73,13.67,2021-03-18,0.7639,9.6,2021-03-23,0.0120441383,2021-04-23
123104,卫宁转债,2021-03-16,370253,100.0,300253,卫宁健康,13.44,17.74,75.761,119.38,57.57,2021-03-15,0.453,9.70265,2021-03-18,0.0072930284,2021-03-31
123103,震安转债,2021-03-12,370767,100.0,300767,震安科技,96.8,56.89,170.1529,173.1,1.73,2021-03-11,1.9791,2.85,2021-03-16,0.0020636122,2021-03-31
123102,华自转债,2021-03-12,370490,100.0,300490,华自科技,22.79,9.25,246.3784,246.44,0.03,2021-03-11,2.6154,6.7,2021-03-16,0.0083448947,2021-04-01
113620,傲农转债,2021-03-10,754363,100.0,603363,傲农生物,12.08,14.51,83.2529,114.41,37.42,2021-03-09,1.483,10.0,2021-03-12,0.00600858,2021-04-02
123101,拓斯转债,2021-03-10,370607,100.0,300607,拓斯达,15.32,26.18,58.518,111.39,90.35,2021-03-09,2.5172,6.7,2021-03-12,0.0043718239,2021-03-29
113045,环旭转债,2021-03-04,783231,100.0,601231,环旭电子,14.38,19.75,72.8101,113.83,56.34,2021-03-03,1.569,34.5,2021-03-08,0.00852173,2021-04-02
128144,利民转债,2021-03-01,072734,100.0,002734,利民股份,10.09,11.5,87.7391,113.2,29.02,2021-02-26,2.6306,9.8,2021-03-03,0.0097896723,2021-03-24
118000,嘉元转债,2021-02-23,718388,100.0,688388,嘉元科技,152.55,78.74,193.7389,198.89,2.66,2021-02-22,5.37,12.4,2021-02-25,0.0053853700000000004,2021-03-15
123100,朗科转债,2021-02-09,370543,100.0,300543,朗科智能,14.78,11.61,127.304,138.59,8.87,2021-02-08,1.8421,3.8,2021-02-18,0.0057083238,2021-03-16
123099,普利转债,2021-02-09,370630,100.0,300630,普利制药,50.5,46.03,109.7111,127.0,15.76,2021-02-08,1.9449,8.5,2021-02-18,0.0033148912,2021-03-08
123098,一品转债,2021-01-28,370723,100.0,300723,一品红,31.9,25.48,125.1962,134.957,7.8,2021-01-27,3.0423,4.8,2021-02-01,0.0009778488,2021-02-23
123097,美力转债,2021-01-27,370611,100.0,300611,美力科技,8.96,9.28,96.5517,116.1,20.25,2021-01-26,1.7295,3.0,2021-01-29,0.0017836629,2021-02-24
113621,彤程转债,2021-01-26,754650,100.0,603650,彤程新材,60.17,32.62,184.4574,194.99,5.71,2021-01-25,1.365,8.0018,2021-01-28,0.00076757,2021-02-22
123096,思创转债,2021-01-26,370078,100.0,300078,思创医惠,6.23,8.27,75.3325,107.542,42.76,2021-01-25,0.9397,8.17,2021-01-28,0.0054656157,2021-03-01
113042,上银转债,2021-01-25,783229,100.0,601229,上海银行,7.25,10.63,68.2032,103.71,52.06,2021-01-22,1.407,200.0,2021-01-27,0.10907806,2021-02-10
113619,世运转债,2021-01-20,754920,100.0,603920,世运电路,21.52,19.92,108.0321,129.37,19.75,2021-01-19,2.442,10.0,2021-01-22,0.00184249,2021-02-19
123094,星源转2,2021-01-20,370568,100.0,300568,星源材质,,,,,,2021-01-19,2.2294,10.0,2021-01-22,0.0052075383,2021-03-31
123093,金陵转债,2021-01-19,370651,100.0,300651,金陵体育,26.25,49.19,53.3645,115.62,116.66,2021-01-18,1.9417,2.5,2021-01-21,0.0004956518,2021-02-18
113618,美诺转债,2021-01-14,754538,100.0,603538,美诺华,29.21,37.47,77.9557,116.4,49.32,2021-01-13,3.475,5.2,2021-01-18,0.00329918,2021-02-04
128143,锋龙转债,2021-01-08,072931,100.0,002931,锋龙股份,14.49,12.73,113.8256,127.249,11.79,2021-01-07,1.7228,2.45,2021-01-12,0.0007095687,2021-01-29
127028,英特转债,2021-01-05,070411,100.0,000411,英特集团,12.8,13.4,95.5224,112.376,17.64,2021-01-04,2.4102,6.0,2021-01-07,0.0036110548,2021-03-10
113616,韦尔转债,2020-12-28,754501,100.0,603501,韦尔股份,278.62,222.52,125.2112,155.19,23.94,2020-12-25,2.812,24.4,2020-12-30,0.00738383,2021-01-22
123092,天壕转债,2020-12-24,370332,100.0,300332,天壕环境,11.38,5.19,219.2678,226.0,3.07,2020-12-23,0.4805,4.23,2020-12-28,0.0023430463,2021-01-15
113615,金诚转债,2020-12-23,754979,100.0,603979,金诚信,19.65,12.65,155.336,161.97,4.27,2020-12-22,1.732,10.0,2020-12-25,0.0032146,2021-01-14
123091,长海转债,2020-12-23,370196,100.0,300196,长海股份,17.68,16.14,109.5415,135.826,24.0,2020-12-22,1.3457,5.5,2020-12-25,0.0014067053,2021-01-15
123089,九洲转2,2020-12-21,370040,100.0,300040,九洲集团,10.46,5.68,184.1549,189.0,2.63,2020-12-18,1.3144,5.0,2020-12-23,0.0021923237,2021-01-08
123090,三诺转债,2020-12-21,370298,100.0,300298,三诺生物,24.1,35.18,68.5048,115.1,68.02,2020-12-18,0.8937,5.0,2020-12-23,0.0024221039,2021-01-12
128142,新乳转债,2020-12-18,072946,100.0,002946,新乳业,16.48,18.47,89.2258,122.2,36.96,2020-12-17,0.841,7.18,2020-12-22,0.0006461241,2021-01-19
128141,旺能转债,2020-12-17,072034,100.0,002034,旺能环境,15.88,15.97,99.4364,120.25,20.93,2020-12-16,3.3225,14.0,2020-12-21,0.0048533496,2021-01-18
113614,健20转债,2020-12-17,754707,100.0,603707,健友股份,38.44,29.12,132.0055,141.31,7.05,2020-12-16,0.834,7.8,2020-12-21,0.00128136,2021-01-18
123087,明电转债,2020-12-15,370739,100.0,300739,明阳电路,18.5,16.32,113.3578,128.0,12.92,2020-12-14,2.4094,6.73,2020-12-17,0.0012211636,2021-01-05
123088,威唐转债,2020-12-15,370707,100.0,300707,威唐工业,16.0,20.72,77.2201,111.1,43.87,2020-12-14,1.9188,3.0138,2020-12-17,0.0015096482,2021-01-06
113044,大秦转债,2020-12-14,783006,100.0,601006,大秦铁路,6.24,7.18,86.9081,105.44,21.32,2020-12-11,2.152,320.0,2020-12-16,0.05651439,2021-01-15
123086,海兰转债,2020-12-11,370065,100.0,300065,海兰信,10.6,7.27,145.8047,150.69,3.35,2020-12-10,1.8358,7.3,2020-12-15,0.003484704,2021-02-08
123085,万顺转2,2020-12-11,370057,100.0,300057,万顺新材,8.16,6.2,131.6129,139.955,6.34,2020-12-10,1.3341,9.0,2020-12-15,0.0035536171,2020-12-28
127027,靖远转债,2020-12-10,070552,100.0,000552,靖远煤电,3.11,3.13,99.361,117.139,17.89,2020-12-09,1.2243,28.0,2020-12-14,0.0213847535,2021-01-22
113043,财通转债,2020-12-10,783108,100.0,601108,财通证券,10.05,13.13,76.5423,113.0,47.63,2020-12-09,1.058,38.0,2020-12-14,0.01261614,2020-12-28
123084,高澜转债,2020-12-10,370499,100.0,300499,高澜股份,19.3,9.01,214.2064,223.0,4.11,2020-12-09,1.0061,2.8,2020-12-14,0.0010784413,2021-01-08
123083,朗新转债,2020-12-09,370682,100.0,300682,朗新科技,33.35,15.4,216.5584,215.6,-0.44,2020-12-08,0.7833,8.0,2020-12-11,0.0021702201,2021-01-06
127026,超声转债,2020-12-08,070823,100.0,000823,超声电子,12.73,12.72,100.0786,122.49,22.39,2020-12-07,1.3036,7.0,2020-12-10,0.0053964483,2021-01-14
113612,永冠转债,2020-12-08,754681,100.0,603681,永冠新材,,,,,,2020-12-07,3.121,5.2,2020-12-10,0.00109624,2021-01-07
128140,润建转债,2020-12-07,072929,100.0,002929,润建股份,33.4,26.4,126.5152,141.598,11.92,2020-12-04,4.9377,10.9,2020-12-09,0.0022005806,2020-12-29
123082,北陆转债,2020-12-07,370016,100.0,300016,北陆药业,7.38,8.81,83.7684,111.485,33.09,2020-12-04,1.0111,5.0,2020-12-09,0.0017313567,2020-12-28
123081,精研转债,2020-12-03,370709,100.0,300709,精研科技,49.6,34.15,145.2416,148.96,2.56,2020-12-02,4.9325,5.7,2020-12-07,0.002124323,2020-12-22
123080,海波转债,2020-12-02,370517,100.0,300517,海波重科,12.79,11.58,110.4491,122.609,11.01,2020-12-01,2.2955,2.45,2020-12-04,0.0006796921,2020-12-22
113610,灵康转债,2020-12-01,754669,100.0,603669,灵康药业,8.01,8.61,93.0314,112.67,21.11,2020-11-30,0.735,5.25,2020-12-03,0.00133615,2020-12-22
113611,福20转债,2020-12-01,754806,100.0,603806,福斯特,,,,,,2020-11-30,2.209,17.0,2020-12-03,0.00215375,2020-12-22
123079,运达转债,2020-12-01,370772,100.0,300772,运达股份,,,,,,2020-11-30,1.9628,5.77,2020-12-03,0.0021538626,2020-12-25
128139,祥鑫转债,2020-12-01,072965,100.0,002965,祥鑫科技,22.78,36.96,61.6342,109.02,76.88,2020-11-30,4.2933,6.470054,2020-12-03,0.0012362995,2020-12-24
123078,飞凯转债,2020-11-27,370398,100.0,300398,飞凯材料,18.76,15.56,120.5656,138.815,15.14,2020-11-26,1.5992,8.25,2020-12-01,0.0071449443,2020-12-16
113609,永安转债,2020-11-24,754776,100.0,603776,永安行,15.93,16.48,96.6626,113.71,17.64,2020-11-23,4.762,8.8648,2020-11-26,0.0021376,2020-12-23
123077,汉得转债,2020-11-23,370170,100.0,300170,汉得信息,7.51,9.69,77.5026,113.4,46.32,2020-11-20,1.0685,9.3715,2020-11-25,0.0060069821,2020-12-15
110077,洪城转债,2020-11-20,733461,100.0,600461,洪城环境,8.39,6.71,125.0373,131.95,5.53,2020-11-19,1.898,18.0,2020-11-24,0.00447731,2020-12-17
123076,强力转债,2020-11-19,370429,100.0,300429,强力新材,12.15,18.94,64.1499,103.8,61.81,2020-11-18,1.6496,8.5,2020-11-23,0.003900825,2020-12-04
128138,侨银转债,2020-11-17,072973,100.0,002973,侨银股份,14.93,25.33,58.942,108.15,83.49,2020-11-16,1.0277,4.2,2020-11-19,0.0008817076,2020-12-24
113608,威派转债,2020-11-09,754956,100.0,603956,威派格,15.86,19.08,83.1237,114.99,38.34,2020-11-06,0.986,4.2,2020-11-11,0.00055212,2020-11-27
127025,冀东转债,2020-11-05,070401,100.0,000401,冀东水泥,11.49,15.28,75.1963,111.0,47.61,2020-11-04,2.0927,28.2,2020-11-09,0.0115892497,2020-12-02
127024,盈峰转债,2020-11-04,070967,100.0,000967,盈峰环境,6.29,8.19,76.801,109.428,42.48,2020-11-03,0.4666,14.761896,2020-11-06,0.0073415,2020-12-02
128137,洁美转债,2020-11-04,072859,100.0,002859,洁美科技,29.92,27.63,108.2881,133.85,23.61,2020-11-03,1.4645,6.0,2020-11-06,0.0015490067,2020-12-01
128136,立讯转债,2020-11-03,072475,100.0,002475,立讯精密,41.2,58.18,70.8147,117.7,66.21,2020-11-02,0.4287,30.0,2020-11-05,0.0122806628,2020-12-02
113041,紫金转债,2020-11-03,783899,100.0,601899,紫金矿业,,,,,,2020-11-02,0.305,60.0,2020-11-05,0.01817312,2020-11-27
110076,华海转债,2020-11-02,733521,100.0,600521,华海药业,21.22,33.85,62.6883,110.09,75.61,2020-10-30,1.266,18.426,2020-11-04,0.00585781,2020-11-25
123075,贝斯转债,2020-11-02,370580,100.0,300580,贝斯特,21.7,23.74,91.4069,124.479,36.18,2020-10-30,3.0,6.0,2020-11-04,0.0013333329,2020-11-23
113607,伟20转债,2020-11-02,754568,100.0,603568,伟明环保,27.05,21.71,124.597,129.08,3.6,2020-10-30,0.954,12.0,2020-11-04,0.00154674,2020-11-27
113606,荣泰转债,2020-10-30,754579,100.0,603579,荣泰健康,29.08,32.83,88.5775,117.1,32.2,2020-10-29,4.399,6.0,2020-11-03,0.00140237,2020-11-20
123074,隆利转债,2020-10-29,370752,100.0,300752,隆利科技,25.14,18.34,137.0774,163.96,19.61,2020-10-28,2.7097,3.245,2020-11-02,0.001213147,2020-11-16
123073,同和转债,2020-10-26,370636,100.0,300636,同和药业,16.06,14.82,108.3671,123.3,13.78,2020-10-23,2.7989,3.6,2020-10-28,0.0019355294,2020-11-16
127023,华菱转2,2020-10-23,070932,100.0,000932,华菱钢铁,,,,,,2020-10-22,0.6526,40.0,2020-10-27,0.0132405664,2020-11-19
113605,大参转债,2020-10-22,754233,100.0,603233,大参林,39.51,69.09,57.1863,112.75,97.16,2020-10-21,2.14,14.05,2020-10-26,0.00175982,2020-11-13
113040,星宇转债,2020-10-22,783799,100.0,601799,星宇股份,,,,,,2020-10-21,5.431,15.0,2020-10-26,0.00404514,2020-11-16
123071,天能转债,2020-10-21,370569,100.0,300569,天能重工,12.94,7.91,163.5904,169.76,3.77,2020-10-20,1.7863,7.0,2020-10-23,0.0025323626,2020-11-25
123072,乐歌转债,2020-10-21,370729,100.0,300729,乐歌股份,26.74,49.24,54.3054,122.22,125.06,2020-10-20,1.0223,1.42,2020-10-23,0.0001860645,2020-11-10
128135,洽洽转债,2020-10-20,072557,100.0,002557,洽洽食品,57.25,60.03,95.369,125.595,31.69,2020-10-19,2.6519,13.4,2020-10-22,0.0047402921,2020-11-18
123070,鹏辉转债,2020-10-20,370438,100.0,300438,鹏辉能源,37.19,20.08,185.2092,189.23,2.17,2020-10-19,2.138,8.9,2020-10-22,0.002757234,2020-11-06
123069,金诺转债,2020-10-16,370505,100.0,300505,川金诺,39.6,19.09,207.4385,206.32,-0.54,2020-10-15,2.8159,3.68,2020-10-20,0.0010466397,2020-11-05
127022,恒逸转债,2020-10-16,070703,100.0,000703,恒逸石化,10.5,11.2,93.75,119.8,27.79,2020-10-15,0.5432,20.0,2020-10-20,0.0066710976,2020-11-16
123068,弘信转债,2020-10-15,370657,100.0,300657,弘信电子,,,,,,2020-10-14,1.6679,5.7,2020-10-19,0.0021791225,2020-11-04
110075,南航转债,2020-10-15,733029,100.0,600029,南方航空,6.38,6.24,102.2436,127.33,24.54,2020-10-14,1.447,160.0,2020-10-19,0.04534376,2020-11-03
113604,多伦转债,2020-10-13,754528,100.0,603528,多伦科技,6.31,10.4,60.6731,103.17,70.04,2020-10-12,1.021,6.4,2020-10-15,0.0013212,2020-11-17
128134,鸿路转债,2020-10-09,072541,100.0,002541,鸿路钢构,45.18,43.51,103.8382,133.0,28.08,2020-09-30,3.5897,18.8,2020-10-13,0.0038985059,2020-11-02
113603,东缆转债,2020-09-24,754606,100.0,603606,东方电缆,51.0,23.65,215.6448,215.32,-0.15,2020-09-23,1.223,8.0,2020-09-28,0.00270889,2020-10-29
128133,奇正转债,2020-09-22,072287,100.0,002287,奇正藏药,24.96,29.78,83.8146,111.19,32.66,2020-09-21,1.5088,8.0,2020-09-24,0.0047638333,2020-10-27
123067,斯莱转债,2020-09-17,370382,100.0,300382,斯莱克,30.0,9.36,320.5128,320.3,-0.07,2020-09-16,0.694,3.88,2020-09-21,0.0036756041,2020-10-15
123066,赛意转债,2020-09-16,370687,100.0,300687,赛意信息,,,,,,2020-09-15,1.4739,3.2,2020-09-18,0.0006229113,2020-10-15
128132,交建转债,2020-09-15,072941,100.0,002941,新疆交建,10.63,18.53,57.3664,101.879,77.59,2020-09-14,1.3178,8.5,2020-09-17,0.0070094297,2020-10-16
128131,崇达转2,2020-09-07,072815,100.0,002815,崇达技术,16.54,19.38,85.3457,119.423,39.93,2020-09-04,1.5863,14.0,2020-09-09,0.002532756,2020-09-28
123065,宝莱转债,2020-09-04,370246,100.0,300246,宝莱特,16.8,40.14,41.8535,110.189,163.27,2020-09-03,1.499,2.19,2020-09-08,0.000719054,2020-09-24
123064,万孚转债,2020-09-01,370482,100.0,300482,万孚生物,35.31,71.65,49.2812,109.828,122.86,2020-08-31,1.7555,6.0,2020-09-03,0.0026141902,2020-09-23
128130,景兴转债,2020-08-31,072067,100.0,002067,景兴纸业,3.69,3.4,108.5294,120.5,11.03,2020-08-28,1.1519,12.8,2020-09-02,0.0073651176,2020-09-18
128129,青农转债,2020-08-25,072958,100.0,002958,青农商行,3.82,4.32,88.4259,107.18,21.21,2020-08-24,0.8999,50.0,2020-08-27,0.0218393992,2020-09-18
113039,嘉泽转债,2020-08-24,783619,100.0,601619,嘉泽新能,5.96,3.46,172.2543,172.29,0.02,2020-08-21,0.626,13.0,2020-08-26,0.00361073,2020-09-17
113602,景20转债,2020-08-24,754228,100.0,603228,景旺电子,28.93,27.4,105.5839,129.4,22.56,2020-08-21,2.09,17.8,2020-08-26,0.00293701,2020-09-22
113601,塞力转债,2020-08-21,754716,100.0,603716,塞力医疗,13.31,16.98,78.3863,108.2,38.03,2020-08-20,2.739,5.4331,2020-08-25,0.00216291,2020-09-15
128128,齐翔转2,2020-08-20,072408,100.0,002408,齐翔腾达,10.08,5.69,177.1529,177.3,0.08,2020-08-19,1.7102,29.9,2020-08-24,0.0085402882,2020-09-15
128127,文科转债,2020-08-20,072775,100.0,002775,文科园林,3.42,4.88,70.082,96.583,37.81,2020-08-19,1.888,9.5,2020-08-24,0.0025740545,2020-09-11
110074,精达转债,2020-08-19,733577,100.0,600577,精达股份,8.66,3.73,232.1716,256.51,10.48,2020-08-18,0.409,7.87,2020-08-21,0.00377463,2020-09-21
110072,广汇转债,2020-08-18,733297,100.0,600297,广汇汽车,2.61,4.03,64.7643,94.54,45.98,2020-08-17,0.415,33.7,2020-08-20,0.02625184,2020-09-15
113600,新星转债,2020-08-13,754978,100.0,603978,深圳新星,30.15,23.85,126.4151,133.69,5.75,2020-08-12,3.718,5.95,2020-08-17,0.0018836,2020-09-11
127021,特发转2,2020-08-07,070070,100.0,000070,特发信息,6.17,12.33,50.0406,104.8,109.43,2020-08-06,0.6735,5.5,2020-08-11,0.0023755027,2020-09-04
128126,赣锋转2,2020-08-06,072460,100.0,002460,赣锋锂业,,,,,,2020-08-05,1.9292,21.08,2020-08-10,0.0098998169,2020-09-08
113599,嘉友转债,2020-08-05,754871,100.0,603871,嘉友国际,18.9,18.32,103.1659,121.31,17.59,2020-08-04,3.279,7.2,2020-08-07,0.00088457,2020-09-07
113038,隆20转债,2020-07-31,783012,100.0,601012,隆基股份,,,,,,2020-07-30,1.325,50.0,2020-08-04,0.01172791,2020-09-08
113598,法兰转债,2020-07-31,754966,100.0,603966,法兰泰克,8.27,9.7,85.2577,116.09,36.16,2020-07-30,1.564,3.3,2020-08-04,0.00066859,2020-08-25
128125,华阳转债,2020-07-30,072949,100.0,002949,华阳国际,13.64,25.39,53.7219,103.49,92.64,2020-07-29,2.2955,4.5,2020-08-03,0.0012829198,2020-08-21
113597,佳力转债,2020-07-30,754912,100.0,603912,佳力图,13.43,23.15,58.013,109.57,88.87,2020-07-29,1.382,3.0,2020-08-03,0.00189504,2020-08-21
123063,大禹转债,2020-07-28,370021,100.0,300021,大禹节水,5.13,4.83,106.2112,120.987,13.91,2020-07-27,0.81,6.38,2020-07-30,0.0026991037,2020-08-20
113596,城地转债,2020-07-28,754887,100.0,603887,城地香江,7.18,24.26,29.596,92.36,212.07,2020-07-27,3.195,12.0,2020-07-30,0.00228,2020-08-20
128124,科华转债,2020-07-28,072022,100.0,002022,科华生物,14.29,21.3,67.0892,104.279,55.43,2020-07-27,1.4336,7.38,2020-07-30,0.0039375532,2020-08-20
123062,三超转债,2020-07-27,370554,100.0,300554,三超新材,15.17,17.13,88.5581,116.703,31.78,2020-07-24,2.0833,1.95,2020-07-29,0.0006112477,2020-08-17
128123,国光转债,2020-07-27,072749,100.0,002749,国光股份,8.24,13.49,61.0823,106.1,73.7,2020-07-24,0.742,3.2,2020-07-29,0.0004045176,2020-08-19
110073,国投转债,2020-07-24,733061,100.0,600061,国投资本,8.11,9.9,81.9192,113.52,38.58,2020-07-23,1.892,80.0,2020-07-28,0.05041538,2020-08-20
113037,紫银转债,2020-07-23,783860,100.0,601860,紫金银行,3.19,4.05,78.7654,104.53,32.71,2020-07-22,1.229,45.0,2020-07-27,0.03710734,2020-08-17
128122,兴森转债,2020-07-23,072436,100.0,002436,兴森科技,13.47,14.1,95.5319,133.651,39.9,2020-07-22,0.1807,2.689,2020-07-27,0.0017141879,2020-08-17
123061,航新转债,2020-07-22,370424,100.0,300424,航新科技,14.16,14.85,95.3535,122.29,28.25,2020-07-21,1.0422,2.5,2020-07-24,0.0016303342,2020-08-18
123060,苏试转债,2020-07-21,370416,100.0,300416,苏试试验,26.46,18.28,144.7484,160.5,10.88,2020-07-20,1.5243,3.1,2020-07-23,0.0014857201,2020-08-17
113594,淳中转债,2020-07-21,754516,100.0,603516,淳中科技,16.62,27.84,59.6983,109.24,82.99,2020-07-20,2.25,3.0,2020-07-23,0.00083065,2020-08-28
113595,花王转债,2020-07-21,754007,100.0,603007,ST花王,3.06,6.92,44.2197,96.12,117.37,2020-07-20,0.984,3.3,2020-07-23,0.00334131,2020-08-18
113593,沪工转债,2020-07-20,754131,100.0,603131,上海沪工,23.65,21.12,111.9792,129.53,15.67,2020-07-17,1.257,4.0,2020-07-22,0.00238234,2020-08-10
127020,中金转债,2020-07-20,070060,100.0,000060,中金岭南,4.81,4.63,103.8877,117.49,13.09,2020-07-17,1.0645,38.0,2020-07-22,0.0222914863,2020-08-14
128120,联诚转债,2020-07-17,072921,100.0,002921,联诚精密,14.71,18.44,79.7722,109.688,37.5,2020-07-16,3.1862,2.6,2020-07-21,0.0011654962,2020-08-17
128121,宏川转债,2020-07-17,072930,100.0,002930,宏川智慧,23.6,19.89,118.6526,130.3,9.82,2020-07-16,1.5099,6.7,2020-07-21,0.0022019837,2020-08-07
123059,银信转债,2020-07-15,370231,100.0,300231,银信科技,7.86,9.72,80.8642,112.085,38.61,2020-07-14,0.9342,3.914,2020-07-17,0.002804547,2020-08-12
127019,国城转债,2020-07-15,070688,100.0,000688,国城矿业,9.45,21.06,44.8718,98.19,118.82,2020-07-14,0.7758,8.5,2020-07-17,0.0017374588,2020-08-10
123058,欣旺转债,2020-07-14,370207,100.0,300207,欣旺达,,,,,,2020-07-13,0.7137,11.2,2020-07-16,0.0063610473,2020-08-07
128119,龙大转债,2020-07-13,072726,100.0,002726,龙大肉食,10.43,9.29,112.2713,128.698,14.63,2020-07-10,0.9516,9.5,2020-07-15,0.0033538774,2020-08-07
110071,湖盐转债,2020-07-10,733929,100.0,600929,雪天盐业,6.91,6.52,105.9816,123.98,16.98,2020-07-09,0.784,7.2,2020-07-14,0.00241531,2020-07-31
113592,安20转债,2020-07-08,754345,100.0,603345,安井食品,,,,,,2020-07-07,3.807,9.0,2020-07-10,0.00244472,2020-07-31
113036,宁建转债,2020-07-06,783789,100.0,601789,宁波建工,3.5,4.76,73.5294,105.25,43.14,2020-07-03,0.553,5.4,2020-07-08,0.00252691,2020-08-06
128118,瀛通转债,2020-07-02,072861,100.0,002861,瀛通通讯,11.25,21.24,52.9661,104.64,97.56,2020-07-01,2.4796,3.0,2020-07-06,0.0008764212,2020-08-05
128117,道恩转债,2020-07-02,072838,100.0,002838,道恩股份,15.32,28.82,53.1575,105.21,97.92,2020-07-01,0.8844,3.6,2020-07-06,0.001108956,2020-07-20
113591,胜达转债,2020-07-01,754687,100.0,603687,大胜达,10.49,8.76,119.7489,124.11,3.64,2020-06-30,1.33,5.5,2020-07-03,0.00251037,2020-07-23
123057,美联转债,2020-07-01,370586,100.0,300586,美联新材,11.24,9.5,118.3158,137.0,15.79,2020-06-30,0.4533,2.0674,2020-07-03,0.0007922256,2020-07-27
128116,瑞达转债,2020-06-29,072961,100.0,002961,瑞达期货,23.92,29.55,80.9475,114.38,41.3,2020-06-24,1.4606,6.5,2020-07-01,0.0006328567,2020-07-24
113590,海容转债,2020-06-29,754187,100.0,603187,海容冷链,,,,,,2020-06-24,3.155,5.00127,2020-07-01,0.00163561,2020-07-27
127018,本钢转债,2020-06-29,070761,100.0,000761,本钢板材,4.29,4.55,94.2857,112.3,19.11,2020-06-24,1.9566,68.0,2020-07-01,0.0925101034,2020-08-04
123056,雪榕转债,2020-06-24,370511,100.0,300511,雪榕生物,8.22,11.77,69.8386,106.7,52.78,2020-06-23,1.324,5.85,2020-06-30,0.0039153186,2020-07-24
113589,天创转债,2020-06-24,754608,100.0,603608,天创时尚,5.37,12.29,43.6941,96.46,120.76,2020-06-23,1.395,6.0,2020-06-30,0.00446376,2020-07-16
128115,巨星转债,2020-06-24,072444,100.0,002444,巨星科技,,,,,,2020-06-23,0.9137,9.726,2020-06-30,0.0037931761,2020-07-16
128114,正邦转债,2020-06-17,072157,100.0,002157,正邦科技,11.08,14.77,75.0169,106.805,42.37,2020-06-16,0.6391,16.0,2020-06-19,0.0074796201,2020-07-15
123055,晨光转债,2020-06-17,370138,100.0,300138,晨光生物,,,,,,2020-06-16,1.3082,6.3,2020-06-19,0.0033685891,2020-07-13
113588,润达转债,2020-06-17,754108,100.0,603108,润达医疗,10.39,13.25,78.4151,110.08,40.38,2020-06-16,0.949,5.5,2020-06-19,0.00362828,2020-07-13
128113,比音转债,2020-06-15,072832,100.0,002832,比音勒芬,25.12,14.6,172.0548,184.7,7.35,2020-06-12,1.3147,6.89,2020-06-17,0.0017055504,2020-07-15
113587,泛微转债,2020-06-15,754039,100.0,603039,泛微网络,,,,,,2020-06-12,1.488,3.16,2020-06-17,0.00058595,2020-07-14
128112,歌尔转2,2020-06-12,072241,100.0,002241,歌尔股份,,,,,,2020-06-11,1.2616,40.0,2020-06-16,0.0206728346,2020-07-13
128111,中矿转债,2020-06-11,072738,100.0,002738,中矿资源,56.6,15.42,367.0558,379.975,3.52,2020-06-10,2.8784,8.0,2020-06-15,0.0042105817,2020-07-07
123054,思特转债,2020-06-10,370608,100.0,300608,思特奇,11.64,12.63,92.1615,131.21,42.37,2020-06-09,1.7214,2.71,2020-06-12,0.0020095273,2020-07-06
113586,上机转债,2020-06-09,754185,100.0,603185,上机数控,,,,,,2020-06-08,2.867,6.65,2020-06-11,0.00159549,2020-07-07
128110,永兴转债,2020-06-09,072756,100.0,002756,永兴材料,,,,,,2020-06-08,1.9444,7.0,2020-06-11,0.0018356443,2020-07-08
113585,寿仙转债,2020-06-09,754896,100.0,603896,寿仙谷,43.46,28.38,153.136,155.21,1.35,2020-06-08,2.508,3.6,2020-06-11,0.00106434,2020-07-07
113584,家悦转债,2020-06-05,754708,100.0,603708,家家悦,15.48,37.53,41.247,102.0,147.29,2020-06-04,1.06,6.45,2020-06-09,0.0016905,2020-06-24
123053,宝通转债,2020-06-05,370031,100.0,300031,宝通科技,23.15,20.5,112.9268,141.5,25.3,2020-06-04,1.2983,5.0,2020-06-09,0.0033767265,2020-07-01
123052,飞鹿转债,2020-06-05,370665,100.0,300665,飞鹿股份,8.72,7.05,123.6879,135.398,9.47,2020-06-04,1.4612,1.77,2020-06-09,0.0010765106,2020-07-03
128109,楚江转债,2020-06-04,072171,100.0,002171,楚江新材,11.31,8.63,131.0545,147.716,12.71,2020-06-03,1.4176,18.3,2020-06-08,0.0066122152,2020-06-23
123051,今天转债,2020-06-04,370532,100.0,300532,今天国际,,,,,,2020-06-03,1.0249,2.8,2020-06-08,0.0016200692,2020-06-30
127017,万青转债,2020-06-03,070789,100.0,000789,万年青,11.38,13.46,84.5468,120.5,42.52,2020-06-02,1.2541,10.0,2020-06-05,0.0055624354,2020-07-02
113583,益丰转债,2020-06-01,754939,100.0,603939,益丰药房,,,,,,2020-05-29,2.98,15.81009,2020-06-03,0.0113806,2020-06-22
128108,蓝帆转债,2020-05-28,072382,100.0,002382,蓝帆医疗,14.85,18.24,81.4145,109.759,34.82,2020-05-27,3.2613,31.4404,2020-06-01,0.0194791375,2020-06-19
113035,福莱转债,2020-05-27,783865,100.0,601865,福莱特,,,,,,2020-05-26,0.966,14.5,2020-05-29,0.00192354,2020-06-17
113582,火炬转债,2020-05-27,754678,100.0,603678,火炬电子,77.92,24.99,311.8047,353.56,13.39,2020-05-26,1.329,6.0,2020-05-29,0.00301617,2020-06-23
113579,健友转债,2020-04-23,754707,100.0,603707,健友股份,38.44,32.2,119.3789,136.49,14.33,2020-04-22,0.7,5.0319,2020-04-27,0.00089578,2020-05-22
113580,康隆转债,2020-04-23,754665,100.0,603665,康隆达,27.5,15.51,177.305,213.21,20.25,2020-04-22,2.0,2.0,2020-04-27,0.00073934,2020-05-20
113581,龙蟠转债,2020-04-23,754906,100.0,603906,龙蟠科技,,,,,,2020-04-22,1.321,4.0,2020-04-27,0.0015598,2020-05-19
128107,交科转债,2020-04-22,072061,100.0,002061,浙江交科,5.17,5.24,98.6641,113.951,15.49,2020-04-21,1.8173,25.0,2020-04-24,0.0069568442,2020-05-22
113578,全筑转债,2020-04-20,754030,100.0,603030,全筑股份,3.21,5.4,59.4444,99.79,67.87,2020-04-17,0.729,3.84,2020-04-22,0.00192268,2020-05-19
113573,纵横转债,2020-04-17,754602,100.0,603602,纵横通信,8.91,18.78,47.4441,106.81,125.13,2020-04-16,1.721,2.7,2020-04-21,0.00149134,2020-05-22
123050,聚飞转债,2020-04-14,370303,100.0,300303,聚飞光电,6.0,5.08,118.1102,134.2,13.62,2020-04-13,0.5513,7.046881,2020-04-16,0.0103638504,2020-05-15
113577,春秋转债,2020-04-14,754890,100.0,603890,春秋电子,11.24,10.85,103.5945,125.88,21.51,2020-04-13,0.875,2.4,2020-04-16,0.0011919,2020-05-13
123049,维尔转债,2020-04-13,370190,100.0,300190,维尔利,5.4,7.38,73.1707,110.051,50.4,2020-04-10,1.1702,9.172387,2020-04-15,0.0116420139,2020-05-12
110070,凌钢转债,2020-04-13,733231,100.0,600231,凌钢股份,2.6,2.69,96.6543,115.35,19.34,2020-04-10,0.158,4.4,2020-04-15,0.00466624,2020-05-13
128106,华统转债,2020-04-10,072840,100.0,002840,华统股份,10.72,9.37,114.4077,125.5,9.7,2020-04-09,1.9826,5.5,2020-04-14,0.0031783036,2020-05-08
113576,起步转债,2020-04-10,754557,100.0,603557,ST起步,5.24,10.55,49.6682,138.0,177.84,2020-04-09,1.096,5.2,2020-04-14,0.00829808,2020-05-07
113034,滨化转债,2020-04-10,783678,100.0,601678,滨化股份,7.63,4.58,166.5939,179.58,7.8,2020-04-09,1.577,24.0,2020-04-14,0.02050994,2020-04-30
123048,应急转债,2020-04-10,370527,100.0,300527,中船应急,10.53,8.88,118.5811,139.27,17.45,2020-04-09,0.8961,8.189312,2020-04-14,0.0187726049,2020-05-11
127016,鲁泰转债,2020-04-09,070726,100.0,000726,鲁泰A,6.18,8.71,70.9529,105.523,48.72,2020-04-08,2.4916,14.0,2020-04-13,0.0112659532,2020-05-13
113575,东时转债,2020-04-09,754377,100.0,603377,东方时尚,7.99,12.15,65.7613,123.93,88.45,2020-04-08,0.743,4.28,2020-04-13,0.0058705,2020-04-30
128105,长集转债,2020-04-09,072616,100.0,002616,长青集团,5.56,7.91,70.2908,105.202,49.67,2020-04-08,1.0783,8.0,2020-04-13,0.0020388649,2020-05-13
128104,裕同转债,2020-04-07,072831,100.0,002831,裕同科技,,,,,,2020-04-03,1.6079,14.0,2020-04-09,0.0044729367,2020-04-28
110069,瀚蓝转债,2020-04-07,733323,100.0,600323,瀚蓝环境,,,,,,2020-04-03,1.295,9.9232,2020-04-09,0.00446687,2020-05-07
113033,利群转债,2020-04-01,783366,100.0,601366,利群股份,6.0,7.01,85.592,102.68,19.96,2020-03-31,2.091,18.0,2020-04-03,0.01910949,2020-04-21
113574,华体转债,2020-03-31,754679,100.0,603679,华体科技,12.44,33.91,36.6853,109.08,197.34,2020-03-30,2.045,2.088,2020-04-02,0.00133249,2020-04-27
128103,同德转债,2020-03-26,072360,100.0,002360,同德化工,8.23,5.08,162.0079,172.42,6.43,2020-03-25,0.3859,1.4428,2020-03-30,0.0022022646,2020-04-21
110068,龙净转债,2020-03-24,733388,100.0,600388,龙净环保,7.86,10.55,74.5024,103.0,38.25,2020-03-23,1.87,20.0,2020-03-26,0.01802732,2020-04-15
123047,久吾转债,2020-03-20,370631,100.0,300631,久吾高科,,,,,,2020-03-19,2.4063,2.54,2020-03-24,0.0024346191,2020-04-17
128102,海大转债,2020-03-19,072311,100.0,002311,海大集团,,,,,,2020-03-18,1.7907,28.3,2020-03-23,0.010381484,2020-04-16
123046,天铁转债,2020-03-19,370587,100.0,300587,天铁股份,19.3,5.9,327.1187,338.0,3.33,2020-03-18,2.1957,3.99,2020-03-23,0.006493967,2020-04-17
128101,联创转债,2020-03-16,072036,100.0,002036,联创电子,21.89,13.72,159.5481,178.0,11.57,2020-03-13,0.4208,3.0,2020-03-18,0.0051125501,2020-04-13
113572,三祥转债,2020-03-12,754663,100.0,603663,三祥新材,,,,,,2020-03-11,1.078,2.05,2020-03-16,0.002089,2020-04-09
110067,华安转债,2020-03-12,733909,100.0,600909,华安证券,5.05,6.22,81.1897,112.23,38.23,2020-03-11,0.773,28.0,2020-03-16,0.0227139,2020-04-09
113571,博特转债,2020-03-12,754916,100.0,603916,苏博特,,,,,,2020-03-11,2.243,6.968,2020-03-16,0.00892127,2020-04-01
123044,红相转债,2020-03-12,370427,100.0,300427,红相股份,13.3,18.67,71.2373,112.39,57.77,2020-03-11,1.6325,5.85,2020-03-16,0.0150937243,2020-04-13
123045,雷迪转债,2020-03-12,370652,100.0,300652,雷迪克,20.97,19.63,106.8263,128.892,20.66,2020-03-11,3.2784,2.885,2020-03-16,0.0051169954,2020-04-13
128100,搜特转债,2020-03-12,072503,100.0,002503,搜于特,1.47,1.62,90.7407,100.419,10.67,2020-03-11,0.2622,8.0,2020-03-16,0.012303288,2020-04-09
128099,永高转债,2020-03-11,072641,100.0,002641,永高股份,,,,,,2020-03-10,0.6232,7.0,2020-03-13,0.0049277976,2020-04-10
113570,百达转债,2020-03-11,754331,100.0,603331,百达精工,10.6,11.34,93.4744,115.6,23.67,2020-03-10,2.18,2.8,2020-03-13,0.00332853,2020-04-08
113569,科达转债,2020-03-09,754660,100.0,603660,苏州科达,5.81,14.8,39.2568,100.2,155.24,2020-03-06,1.024,5.16,2020-03-11,0.00798677,2020-04-08
113568,新春转债,2020-03-06,754667,100.0,603667,五洲新春,17.42,8.75,199.0857,240.13,20.62,2020-03-05,1.16,3.3,2020-03-10,0.00656682,2020-04-02
128098,康弘转债,2020-03-05,072773,100.0,002773,康弘药业,,,,,,2020-03-04,1.8615,16.3,2020-03-09,0.0298996227,2020-03-31
123043,正元转债,2020-03-05,370645,100.0,300645,正元智慧,19.32,15.38,125.6177,146.4,16.54,2020-03-04,1.3815,1.75,2020-03-09,0.0030780242,2020-03-31
113567,君禾转债,2020-03-04,754617,100.0,603617,君禾股份,9.98,11.16,89.4265,114.17,27.67,2020-03-03,1.473,2.1,2020-03-06,0.00152501,2020-04-03
110066,盛屯转债,2020-03-02,733711,100.0,600711,盛屯矿业,9.55,4.87,196.0986,201.27,2.64,2020-02-28,1.033,23.86456,2020-03-04,0.04092865,2020-03-31
113032,桐20转债,2020-03-02,783233,100.0,601233,桐昆股份,,,,,,2020-02-28,1.244,23.0,2020-03-04,0.01796321,2020-03-20
113564,天目转债,2020-02-28,754136,100.0,603136,天目湖,,,,,,2020-02-27,2.586,3.0,2020-03-03,0.00094899,2020-03-16
113566,翔港转债,2020-02-28,754499,100.0,603499,翔港科技,7.37,10.77,68.4308,111.59,63.07,2020-02-27,1.409,2.0,2020-03-03,0.00169923,2020-03-31
113565,宏辉转债,2020-02-26,754336,100.0,603336,宏辉果蔬,9.03,7.64,118.1937,131.41,11.18,2020-02-25,1.473,3.32,2020-02-28,0.00170335,2020-03-16
128097,奥佳转债,2020-02-25,072614,100.0,002614,奥佳华,11.28,10.39,108.5659,129.142,18.95,2020-02-24,2.138,12.0,2020-02-27,0.0082119788,2020-03-18
128096,奥瑞转债,2020-02-11,072701,100.0,002701,奥瑞金,7.59,4.5,168.6667,169.477,0.48,2020-02-10,0.4614,10.868,2020-02-13,0.0158999356,2020-03-16
128095,恩捷转债,2020-02-11,072812,100.0,002812,恩捷股份,292.22,64.92,450.1232,499.95,11.07,2020-02-10,1.9866,16.0,2020-02-13,0.0121868644,2020-02-28
113563,柳药转债,2020-01-16,754368,100.0,603368,柳药股份,15.49,23.87,64.8932,104.44,60.94,2020-01-15,3.1,8.022,2020-01-20,0.00937384,2020-02-24
128094,星帅转债,2020-01-16,072860,100.0,002860,星帅尔,19.82,13.8,143.6232,150.0,4.44,2020-01-15,2.3897,2.8,2020-01-20,0.002356652,2020-02-19
123042,银河转债,2020-01-14,370619,100.0,300619,金银河,64.42,24.38,264.233,272.299,3.05,2020-01-13,2.2316,1.6666,2020-01-16,0.0042317747,2020-02-14
123041,东财转2,2020-01-13,370059,100.0,300059,东方财富,,,,,,2020-01-10,1.087,73.0,2020-01-15,0.1320190507,2020-02-14
113031,博威转债,2020-01-10,783137,100.0,601137,博威合金,,,,,,2020-01-09,1.787,12.0,2020-01-14,0.02172952,2020-02-17
127015,希望转债,2020-01-03,070876,100.0,000876,新希望,16.2,19.75,82.0253,116.707,42.28,2020-01-02,0.9653,40.0,2020-01-07,0.0492694631,2020-02-04
128093,百川转债,2020-01-03,072455,100.0,002455,百川股份,16.42,5.77,284.5754,288.8,1.48,2020-01-02,1.0314,5.2,2020-01-07,0.0197982464,2020-01-21
123040,乐普转债,2020-01-03,370003,100.0,300003,乐普医疗,,,,,,2020-01-02,0.4239,7.5,2020-01-07,0.0264293581,2020-01-23
113562,璞泰转债,2020-01-02,754659,100.0,603659,璞泰来,,,,,,2019-12-31,1.998,8.7,2020-01-06,0.00788472,2020-02-04
113561,正裕转债,2019-12-31,754089,100.0,603089,正裕工业,7.96,10.08,78.9683,112.25,42.15,2019-12-30,1.874,2.9,2020-01-03,0.0114564,2020-02-10
128092,唐人转债,2019-12-30,072567,100.0,002567,唐人神,,,,,,2019-12-27,1.4997,12.428,2020-01-02,0.0414506941,2020-01-22
128091,新天转债,2019-12-30,072873,100.0,002873,新天药业,19.06,16.27,117.1481,128.1,9.35,2019-12-27,1.541,1.773,2020-01-02,0.0058986356,2020-01-17
128090,汽模转2,2019-12-27,072510,100.0,002510,天汽模,4.26,4.23,100.7092,119.89,19.05,2019-12-26,0.5114,4.71,2019-12-31,0.0170801557,2020-01-23
128089,麦米转债,2019-12-26,072851,100.0,002851,麦格米特,,,,,,2019-12-25,1.3952,6.55,2019-12-30,0.0160361895,2020-01-21
123039,开润转债,2019-12-26,370577,100.0,300577,开润股份,21.19,29.92,70.8222,111.766,57.81,2019-12-25,1.0256,2.23,2019-12-30,0.0083385095,2020-01-23
123038,联得转债,2019-12-25,370545,100.0,300545,联得装备,24.2,24.07,100.5401,129.5,28.8,2019-12-24,1.388,2.0,2019-12-27,0.0098203772,2020-01-22
128088,深南转债,2019-12-24,072916,100.0,002916,深南电路,,,,,,2019-12-23,4.479,15.2,2019-12-26,0.0641932526,2020-01-16
113030,东风转债,2019-12-24,783515,100.0,601515,东风股份,6.41,6.45,99.3798,122.52,23.28,2019-12-23,0.221,2.95328,2019-12-26,0.01065442,2020-01-20
113559,永创转债,2019-12-23,754901,100.0,603901,永创智能,,,,,,2019-12-20,1.188,5.1217,2019-12-25,0.01443387,2020-01-10
113558,日月转债,2019-12-23,754218,100.0,603218,日月股份,,,,,,2019-12-20,2.258,12.0,2019-12-25,0.03228866,2020-01-14
110065,淮矿转债,2019-12-23,733985,100.0,600985,淮北矿业,,,,,,2019-12-20,1.269,27.574,2019-12-25,0.01679922,2020-01-13
110064,建工转债,2019-12-20,733939,100.0,600939,重庆建工,3.31,4.53,73.0684,104.3,42.74,2019-12-19,0.914,16.6,2019-12-24,0.07110464,2020-01-16
113556,至纯转债,2019-12-20,754690,100.0,603690,至纯科技,,,,,,2019-12-19,1.375,3.56,2019-12-24,0.00686213,2020-01-09
113555,振德转债,2019-12-19,754301,100.0,603301,振德医疗,,,,,,2019-12-18,3.142,4.4,2019-12-23,0.00667714,2020-01-14
123037,新莱转债,2019-12-19,370260,100.0,300260,新莱应材,,,,,,2019-12-18,1.3865,2.8,2019-12-23,0.0133938179,2020-01-22
113557,森特转债,2019-12-19,754098,100.0,603098,森特股份,,,,,,2019-12-18,1.249,6.0,2019-12-23,0.00506398,2020-01-10
128087,孚日转债,2019-12-17,072083,100.0,002083,孚日股份,4.22,4.5,93.7778,108.301,15.49,2019-12-16,0.7403,6.5,2019-12-19,0.0229392014,2020-01-16
128086,国轩转债,2019-12-17,072074,100.0,002074,国轩高科,,,,,,2019-12-16,1.632,18.5,2019-12-19,0.0183184434,2020-01-10
128084,木森转债,2019-12-16,072745,100.0,002745,木林森,,,,,,2019-12-13,2.0827,26.600177,2019-12-18,0.0236339824,2020-01-10
113554,仙鹤转债,2019-12-16,754733,100.0,603733,仙鹤股份,,,,,,2019-12-13,2.042,12.5,2019-12-18,0.01089568,2020-01-10
128085,鸿达转债,2019-12-16,072002,100.0,002002,鸿达兴业,5.21,3.91,133.2481,134.02,0.58,2019-12-13,0.9374,24.2678,2019-12-18,0.030341606,2020-01-08
113029,明阳转债,2019-12-16,783615,100.0,601615,明阳智能,,,,,,2019-12-13,1.232,17.0,2019-12-18,0.04731255,2020-01-07
113553,金牌转债,2019-12-13,754180,100.0,603180,金牌厨柜,,,,,,2019-12-12,5.896,3.92,2019-12-17,0.00472987,2020-01-07
110063,鹰19转债,2019-12-13,733567,100.0,600567,山鹰国际,3.25,3.26,99.6933,116.62,16.98,2019-12-12,0.412,18.6,2019-12-17,0.09184936,2020-01-03
128083,新北转债,2019-12-12,072376,100.0,002376,新北洋,8.1,11.45,70.7424,105.99,49.83,2019-12-11,1.3173,8.77,2019-12-16,0.0353480322,2019-12-31
123036,先导转债,2019-12-11,370450,100.0,300450,先导智能,,,,,,2019-12-10,1.1344,10.0,2019-12-13,0.0348628059,2020-01-10
128082,华锋转债,2019-12-04,072806,100.0,002806,华锋股份,14.3,9.13,156.6265,160.949,2.76,2019-12-03,1.9995,3.524,2019-12-06,0.0345513567,2020-01-06
110062,烽火转债,2019-12-02,733498,100.0,600498,烽火通信,17.73,22.85,77.593,111.74,44.01,2019-11-29,2.637,30.8835,2019-12-04,0.01999166,2019-12-25
113552,克来转债,2019-12-02,754960,100.0,603960,克来机电,,,,,,2019-11-29,1.024,1.8,2019-12-04,0.00265767,2019-12-19
128081,海亮转债,2019-11-21,072203,100.0,002203,海亮股份,11.58,9.69,119.5046,124.478,4.16,2019-11-20,1.6136,31.5,2019-11-25,0.0225746796,2019-12-16
128080,顺丰转债,2019-11-18,072352,100.0,002352,顺丰控股,,,,,,2019-11-15,1.3138,58.0,2019-11-20,0.0180704915,2019-12-09
113550,常汽转债,2019-11-18,754035,100.0,603035,常熟汽饰,12.15,9.33,130.2251,147.41,13.2,2019-11-15,3.544,9.92424,2019-11-20,0.04359224,2019-12-12
113551,福特转债,2019-11-18,754806,100.0,603806,福斯特,,,,,,2019-11-15,2.104,11.0,2019-11-20,0.00686193,2019-12-11
113549,白电转债,2019-11-15,754861,100.0,603861,白云电器,9.34,8.83,105.7758,121.91,15.25,2019-11-14,1.947,8.8,2019-11-19,0.03340617,2019-12-11
123035,利德转债,2019-11-14,370296,100.0,300296,利亚德,9.45,6.96,135.7759,154.25,13.61,2019-11-13,0.3174,8.0,2019-11-18,0.0517293328,2019-12-09
110061,川投转债,2019-11-11,733674,100.0,600674,川投能源,13.13,9.2,142.7174,149.21,4.55,2019-11-08,0.908,40.0,2019-11-13,0.01142416,2019-12-02
123034,通光转债,2019-11-04,370265,100.0,300265,通光线缆,10.23,7.95,128.6792,201.33,56.46,2019-11-01,0.88,2.97,2019-11-06,0.0216651437,2019-11-28
123033,金力转债,2019-11-01,370748,100.0,300748,金力永磁,,,,,,2019-10-31,1.0521,4.35,2019-11-05,0.0400169411,2019-11-25
113548,石英转债,2019-10-28,754688,100.0,603688,石英股份,60.5,14.93,405.2244,421.29,3.96,2019-10-25,1.078,3.6,2019-10-30,0.01816276,2019-11-22
110059,浦发转债,2019-10-28,733000,100.0,600000,浦发银行,8.51,13.97,60.9162,103.7,70.23,2019-10-25,1.703,500.0,2019-10-30,0.3016799,2019-11-15
110060,天路转债,2019-10-28,733326,100.0,600326,西藏天路,6.31,7.08,89.1243,112.45,26.17,2019-10-25,1.256,10.86988,2019-10-30,0.0190581,2019-11-28
127014,北方转债,2019-10-24,070065,100.0,000065,北方国际,7.6,8.65,87.8613,115.228,31.15,2019-10-23,0.7514,5.7821,2019-10-28,0.0237836701,2019-11-21
113547,索发转债,2019-10-24,754612,100.0,603612,索通发展,,,,,,2019-10-23,2.804,9.45,2019-10-28,0.02272221,2019-11-22
113546,迪贝转债,2019-10-23,754320,100.0,603320,迪贝电气,11.76,14.0,84.0,115.02,36.93,2019-10-22,2.299,2.2993,2019-10-25,0.01479018,2019-11-21
128079,英联转债,2019-10-21,072846,100.0,002846,英联股份,7.13,8.29,86.0072,122.399,42.31,2019-10-18,1.1,2.14,2019-10-23,0.0146135185,2019-11-21
128078,太极转债,2019-10-21,072368,100.0,002368,太极股份,28.1,22.21,126.5196,139.0,9.86,2019-10-18,2.4226,10.0,2019-10-23,0.0428787602,2019-11-08
128077,华夏转债,2019-10-16,072928,100.0,002928,华夏航空,,,,,,2019-10-15,1.315,7.9,2019-10-18,0.0202864341,2019-11-07
113545,金能转债,2019-10-14,754113,100.0,603113,金能科技,14.08,10.43,134.9952,160.12,18.61,2019-10-11,2.219,15.0,2019-10-16,0.03463477,2019-11-07
128076,金轮转债,2019-10-14,072722,100.0,002722,金轮股份,15.47,14.66,105.5252,121.289,14.94,2019-10-11,1.2196,2.14,2019-10-16,0.015673114,2019-11-08
123032,万里转债,2019-10-11,370591,100.0,300591,万里马,,,,,,2019-10-10,0.5778,1.8029,2019-10-15,0.0246910339,2019-10-31
128074,游族转债,2019-09-23,072174,100.0,002174,游族网络,13.51,16.97,79.6111,114.498,43.82,2019-09-20,1.2943,11.5,2019-09-25,0.0934667289,2019-10-21
128075,远东转债,2019-09-23,072406,100.0,002406,远东传动,5.72,5.29,108.1285,120.0,10.98,2019-09-20,1.593,8.937,2019-09-25,0.0162070033,2019-10-31
113544,桃李转债,2019-09-20,754866,100.0,603866,桃李面包,,,,,,2019-09-19,1.517,10.0,2019-09-24,0.03136336,2019-10-15
123031,晶瑞转债,2019-08-29,370655,100.0,300655,晶瑞电材,38.7,10.13,382.0336,444.501,16.35,2019-08-28,1.2217,1.85,2019-09-02,0.0454505144,2019-09-26
128073,哈尔转债,2019-08-22,072615,100.0,002615,哈尔斯,5.26,5.71,92.1191,118.488,28.62,2019-08-21,0.7309,3.0,2019-08-26,0.0383235944,2019-09-11
123030,九洲转债,2019-08-20,370040,100.0,300040,九洲集团,,,,,,2019-08-19,0.8978,3.08,2019-08-22,0.0412631796,2019-09-12
128072,翔鹭转债,2019-08-20,072842,100.0,002842,翔鹭钨业,9.13,15.36,59.4401,108.469,82.48,2019-08-19,1.0994,3.019223,2019-08-22,0.0311181951,2019-09-16
128071,合兴转债,2019-08-16,072228,100.0,002228,合兴包装,3.46,4.18,82.7751,109.999,32.89,2019-08-15,0.5093,5.9575,2019-08-20,0.0859994534,2019-09-16
123029,英科转债,2019-08-16,370677,100.0,300677,英科医疗,55.16,5.55,993.8738,0.0,38.77,2019-08-15,2.3687,4.7,2019-08-20,0.0396417806,2019-09-10
113543,欧派转债,2019-08-16,754833,100.0,603833,欧派家居,,,,,,2019-08-15,3.557,14.95,2019-08-20,0.05584351,2019-09-04
113542,好客转债,2019-08-01,754898,100.0,603898,好莱客,10.75,16.14,66.6047,108.63,63.1,2019-07-31,2.034,6.3,2019-08-05,0.05555881,2019-08-23
113541,荣晟转债,2019-07-23,754165,100.0,603165,荣晟环保,14.44,10.84,133.2103,138.71,4.13,2019-07-22,1.86,3.3,2019-07-25,0.06344458,2019-08-13
113540,南威转债,2019-07-15,754636,100.0,603636,南威软件,,,,,,2019-07-12,1.253,6.6,2019-07-17,0.06389058,2019-08-05
113539,圣达转债,2019-07-03,754079,100.0,603079,圣达生物,,,,,,2019-07-02,2.67,2.99136,2019-07-05,0.03083319,2019-07-26
128070,智能转债,2019-07-02,072877,100.0,002877,智能自控,6.27,9.47,66.2091,112.49,69.9,2019-07-01,0.6917,2.3,2019-07-04,0.0250998849,2019-07-23
113538,安图转债,2019-06-28,754658,100.0,603658,安图生物,,,,,,2019-06-27,1.626,6.82979,2019-07-02,0.0347501,2019-07-22
128069,华森转债,2019-06-24,072907,100.0,002907,华森制药,11.27,18.01,62.5763,106.764,70.61,2019-06-21,0.7498,3.0,2019-06-26,0.0185003047,2019-07-11
123028,清水转债,2019-06-19,370437,100.0,300437,清水源,35.64,11.84,301.0135,332.6,10.49,2019-06-18,2.2443,4.9,2019-06-21,0.0858156853,2019-07-15
113028,环境转债,2019-06-18,783200,100.0,601200,上海环境,,,,,,2019-06-17,2.375,21.7,2019-06-20,0.03056044,2019-07-08
113027,华钰转债,2019-06-14,783020,100.0,601020,ST华钰,14.6,10.17,143.5595,154.69,7.75,2019-06-13,1.216,6.4,2019-06-18,0.07222537,2019-07-10
123027,蓝晓转债,2019-06-11,370487,100.0,300487,蓝晓科技,75.16,29.02,258.9938,305.13,17.81,2019-06-10,1.6461,3.4,2019-06-13,0.0223459237,2019-07-04
123026,中环转债,2019-06-10,370692,100.0,300692,中环环保,,,,,,2019-06-06,1.8124,2.9,2019-06-12,0.0540608706,2019-07-01
113537,文灿转债,2019-06-10,754348,100.0,603348,文灿股份,41.91,19.28,217.3755,225.11,3.56,2019-06-06,3.636,8.0,2019-06-12,0.10303528,2019-07-05
128068,和而转债,2019-06-04,072402,100.0,002402,和而泰,,,,,,2019-06-03,0.6394,5.47,2019-06-06,0.0829312091,2019-07-01
113536,三星转债,2019-05-31,754578,100.0,603578,三星新材,16.96,13.76,123.2558,133.04,7.94,2019-05-30,2.139,1.91565,2019-06-04,0.03050946,2019-06-24
113535,大业转债,2019-05-09,754278,100.0,603278,大业股份,8.24,12.29,67.0464,105.35,57.13,2019-05-08,1.743,5.0,2019-05-13,0.03462721,2019-06-03
128067,一心转债,2019-04-19,072727,100.0,002727,一心堂,,,,,,2019-04-18,1.0614,6.026392,2019-04-23,0.0087007808,2019-05-17
128066,亚泰转债,2019-04-17,072811,100.0,002811,郑中设计,7.88,9.27,85.0054,106.0,24.7,2019-04-16,2.6666,4.8,2019-04-19,0.0085050847,2019-05-14
110058,永鼎转债,2019-04-16,733105,100.0,600105,永鼎股份,4.48,5.04,88.8889,115.68,30.14,2019-04-15,0.782,9.8,2019-04-18,0.01438125,2019-05-08
128065,雅化转债,2019-04-16,072497,100.0,002497,雅化集团,,,,,,2019-04-15,0.8443,8.0,2019-04-18,0.0631187872,2019-05-10
113026,核能转债,2019-04-15,783985,100.0,601985,中国核电,7.17,5.73,125.1309,129.9,3.81,2019-04-12,0.501,78.0,2019-04-17,0.03094856,2019-05-08
127013,创维转债,2019-04-15,070810,100.0,000810,创维数字,7.88,11.29,69.7963,108.399,55.31,2019-04-12,0.9821,10.4,2019-04-17,0.026057449886,2019-05-16
113025,明泰转债,2019-04-10,783677,100.0,601677,明泰铝业,32.5,11.0,295.4545,305.59,3.43,2019-04-09,3.117,18.3911,2019-04-12,0.03045862,2019-05-07
113534,鼎胜转债,2019-04-09,754876,100.0,603876,鼎胜新材,35.22,15.18,232.0158,248.99,7.32,2019-04-08,2.916,12.54,2019-04-11,0.02076471,2019-04-30
113024,核建转债,2019-04-08,783611,100.0,601611,中国核建,9.36,9.7,96.4948,122.24,26.68,2019-04-04,1.141,29.9625,2019-04-10,0.01990481,2019-04-26
128064,司尔转债,2019-04-08,072538,100.0,002538,司尔特,,,,,,2019-04-04,1.114,8.0,2019-04-10,0.020366952600000002,2019-05-07
113533,参林转债,2019-04-03,754233,100.0,603233,大参林,,,,,,2019-04-02,2.499,10.0,2019-04-08,0.05458181,2019-04-24
128063,未来转债,2019-04-03,072631,100.0,002631,德尔未来,7.0,8.64,81.0185,113.3,39.84,2019-04-02,0.9433,6.3,2019-04-08,0.0153655871,2019-04-24
128062,亚药转债,2019-04-02,072370,100.0,002370,亚太药业,4.22,16.25,25.9692,93.461,259.89,2019-04-01,1.7987,9.65,2019-04-04,0.0288420421,2019-04-24
113532,海环转债,2019-04-02,754817,100.0,603817,海峡环保,5.51,7.63,72.2149,104.26,44.37,2019-04-01,1.022,4.6,2019-04-04,0.01665937,2019-04-24
110057,现代转债,2019-04-01,733420,100.0,600420,国药现代,9.37,9.79,95.7099,113.59,18.68,2019-03-29,1.529,16.1594,2019-04-03,0.0356851,2019-04-30
113531,百姓转债,2019-03-29,754883,100.0,603883,老百姓,,,,,,2019-03-28,1.147,3.27,2019-04-02,0.03312251,2019-04-22
123025,精测转债,2019-03-29,370567,100.0,300567,精测电子,53.7,49.37,108.7705,137.2,26.14,2019-03-28,2.2919,3.75,2019-04-02,0.0208437619,2019-04-19
113530,大丰转债,2019-03-27,754081,100.0,603081,大丰实业,10.37,16.49,62.8866,107.5,70.94,2019-03-26,1.567,6.3,2019-03-29,0.0213012,2019-04-18
128061,启明转债,2019-03-27,072439,100.0,002439,启明星辰,,,,,,2019-03-26,1.1682,10.45,2019-03-29,0.0139363649,2019-04-24
128060,中装转债,2019-03-26,072822,100.0,002822,中装建设,,,,,,2019-03-25,0.875,5.25,2019-03-28,0.0508826699,2019-04-15
127012,招路转债,2019-03-22,071965,100.0,001965,招商公路,6.75,8.63,78.2155,109.71,40.27,2019-03-21,0.8092,50.0,2019-03-26,0.0700271066,2019-04-30
123024,岱勒转债,2019-03-21,370700,100.0,300700,岱勒新材,12.6,14.1,89.3617,116.298,30.14,2019-03-20,2.5485,2.1,2019-03-25,0.01616346,2019-04-17
123023,迪森转债,2019-03-20,370335,100.0,300335,迪森股份,5.39,6.89,78.2293,109.486,39.96,2019-03-19,1.6532,6.0,2019-03-22,0.0215641366,2019-04-16
110056,亨通转债,2019-03-19,733487,100.0,600487,亨通光电,16.28,14.95,108.8963,129.2,18.64,2019-03-18,0.91,17.33,2019-03-22,0.01806322,2019-04-16
123022,长信转债,2019-03-18,370088,100.0,300088,长信科技,11.09,6.05,183.3058,214.0,16.74,2019-03-15,0.535,12.3,2019-03-20,0.010725538,2019-04-10
110054,通威转债,2019-03-18,733438,100.0,600438,通威股份,,,,,,2019-03-15,1.287,50.0,2019-03-20,0.01109199,2019-04-10
110055,伊力转债,2019-03-15,733197,100.0,600197,伊力特,24.25,16.41,147.7757,179.47,21.45,2019-03-14,1.986,8.76,2019-03-19,0.01811719,2019-04-04
110053,苏银转债,2019-03-14,733919,100.0,600919,江苏银行,6.34,6.37,99.529,119.07,19.63,2019-03-13,1.732,200.0,2019-03-18,0.03898776,2019-04-03
113022,浙商转债,2019-03-12,783878,100.0,601878,浙商证券,,,,,,2019-03-11,1.049,35.0,2019-03-14,0.01731003,2019-03-28
128059,视源转债,2019-03-11,072841,100.0,002841,视源股份,,,,,,2019-03-08,1.436,9.418304,2019-03-13,0.0200147652,2019-04-02
113529,绝味转债,2019-03-11,754517,100.0,603517,绝味食品,,,,,,2019-03-08,2.439,10.0,2019-03-13,0.00599035,2019-04-02
127011,中鼎转2,2019-03-08,070887,100.0,000887,中鼎股份,17.99,11.39,157.9456,168.336,6.58,2019-03-07,0.9829,12.0,2019-03-12,0.0083065079,2019-04-04
128058,拓邦转债,2019-03-07,072139,100.0,002139,拓邦股份,,,,,,2019-03-06,0.5651,5.73,2019-03-11,0.0621462404,2019-04-08
110052,贵广转债,2019-03-05,733996,100.0,600996,贵广网络,4.25,7.94,53.5264,102.8,92.05,2019-03-04,1.534,16.0,2019-03-07,0.01210083,2019-03-29
128057,博彦转债,2019-03-05,072649,100.0,002649,博彦科技,11.83,8.5,139.1765,138.51,-0.48,2019-03-04,1.0957,5.758152,2019-03-07,0.0511156998,2019-04-02
123021,万信转2,2019-03-04,370168,100.0,300168,万达信息,,,,,,2019-03-01,1.094,12.0,2019-03-06,0.017068646,2019-03-25
113021,中信转债,2019-03-04,783998,100.0,601998,中信银行,4.5,6.73,66.8648,107.68,61.04,2019-03-01,1.174,400.0,2019-03-06,0.01819129,2019-03-19
113528,长城转债,2019-03-01,754897,100.0,603897,长城科技,46.67,22.35,208.8143,216.32,3.59,2019-02-28,3.553,6.34,2019-03-05,0.03760017,2019-03-20
123020,富祥转债,2019-03-01,370497,100.0,300497,富祥药业,,,,,,2019-02-28,1.8709,4.2,2019-03-05,0.0411827809,2019-03-29
128056,今飞转债,2019-02-28,072863,100.0,002863,今飞凯达,5.13,6.69,76.6816,113.699,48.27,2019-02-27,0.9772,3.68,2019-03-04,0.0818663601,2019-03-22
110051,中天转债,2019-02-28,733522,100.0,600522,中天科技,14.7,9.99,147.1471,157.9,7.31,2019-02-27,1.293,39.6512,2019-03-04,0.01953615,2019-03-22
128055,长青转2,2019-02-27,072391,100.0,002391,长青股份,,,,,,2019-02-26,2.5419,9.138,2019-03-01,0.0268435724,2019-04-03
123019,中来转债,2019-02-25,370393,100.0,300393,中来股份,,,,,,2019-02-22,4.1494,10.0,2019-02-27,0.0614795007,2019-03-22
128054,中宠转债,2019-02-15,072891,100.0,002891,中宠股份,,,,,,2019-02-14,1.9424,1.9424,2019-02-19,0.1276370237,2019-03-14
128053,尚荣转债,2019-02-14,072551,100.0,002551,尚荣医疗,4.63,4.88,94.877,126.1,32.91,2019-02-13,1.0624,7.5,2019-02-18,0.5200326348,2019-03-07
113527,维格转债,2019-01-24,754518,100.0,603518,锦泓集团,12.12,9.85,123.0457,136.72,11.11,2019-01-23,4.131,7.46,2019-01-28,0.39536999,2019-02-19
113526,联泰转债,2019-01-23,754797,100.0,603797,联泰环保,6.64,5.92,112.1622,249.89,122.79,2019-01-22,1.828,3.9,2019-01-25,0.14607472,2019-02-18
127010,平银转债,2019-01-21,070001,100.0,000001,平安银行,,,,,,2019-01-18,1.5142,260.0,2019-01-23,0.0449482568,2019-02-18
127009,冰轮转债,2019-01-14,070811,100.0,000811,冰轮环境,,,,,,2019-01-11,0.7796,5.0913,2019-01-16,0.141276623856,2019-02-21
128052,凯龙转债,2018-12-21,072783,100.0,002783,凯龙股份,,,,,,2018-12-20,0.9849,3.288548,2018-12-25,1.4421909747,2019-01-21
123018,溢利转债,2018-12-20,370381,100.0,300381,溢多利,9.88,8.25,119.7576,182.372,52.28,2018-12-19,1.6348,6.649677,2018-12-24,2.3484938968,2019-01-23
110050,佳都转债,2018-12-19,733728,100.0,600728,佳都科技,,,,,,2018-12-18,0.54,8.74723,2018-12-21,2.35026973,2019-01-21
110049,海尔转债,2018-12-18,733690,100.0,600690,海尔智家,,,,,,2018-12-17,0.493,30.0749,2018-12-20,0.03930317,2019-01-18
113525,台华转债,2018-12-17,754055,100.0,603055,台华新材,18.77,7.78,241.2596,247.93,2.76,2018-12-14,0.973,5.33,2018-12-19,0.42144701,2019-01-11
113524,奇精转债,2018-12-14,754677,100.0,603677,奇精机械,11.02,13.98,78.8269,110.29,39.91,2018-12-13,1.682,3.3,2018-12-18,0.57410425,2019-01-07
128051,光华转债,2018-12-14,072741,100.0,002741,光华科技,,,,,,2018-12-13,0.6661,2.493,2018-12-18,0.4370698959,2019-01-09
128050,钧达转债,2018-12-10,072865,100.0,002865,钧达股份,43.9,14.8,296.6216,299.0,0.8,2018-12-07,2.6298,3.2,2018-12-12,0.8560442402,2018-12-27
113523,伟明转债,2018-12-10,754568,100.0,603568,伟明环保,,,,,,2018-12-07,0.974,6.7,2018-12-12,0.34843949,2018-12-26
110048,福能转债,2018-12-07,733483,100.0,600483,福能股份,17.88,7.85,227.7707,231.01,1.42,2018-12-06,1.823,28.3,2018-12-11,0.19595459,2018-12-28
128049,华源转债,2018-11-27,072787,100.0,002787,华源控股,5.42,7.37,73.5414,106.249,44.48,2018-11-26,1.3052,4.0,2018-11-29,0.952148336,2018-12-20
113522,旭升转债,2018-11-22,754305,100.0,603305,旭升股份,,,,,,2018-11-21,1.048,4.2,2018-11-26,0.317543,2018-12-11
110047,山鹰转债,2018-11-21,733567,100.0,600567,山鹰国际,3.25,3.3,98.4848,116.47,18.26,2018-11-20,0.503,23.0,2018-11-23,0.49667669,2018-12-10
110046,圆通转债,2018-11-20,733233,100.0,600233,圆通速递,,,,,,2018-11-19,1.289,36.5,2018-11-22,0.20843998,2018-12-18
123017,寒锐转债,2018-11-20,370618,100.0,300618,寒锐钴业,,,,,,2018-11-19,2.2916,4.4,2018-11-22,0.3721591008,2018-12-24
113020,桐昆转债,2018-11-19,783233,100.0,601233,桐昆股份,,,,,,2018-11-16,2.085,38.0,2018-11-21,0.19196912,2018-12-12
127008,特发转债,2018-11-16,070070,100.0,000070,特发信息,,,,,,2018-11-15,0.6689,4.194,2018-11-20,0.1677083789,2018-12-25
113521,科森转债,2018-11-16,754626,100.0,603626,科森科技,,,,,,2018-11-15,1.467,6.1,2018-11-20,0.32887409,2018-12-07
128048,张行转债,2018-11-12,072839,100.0,002839,张家港行,5.92,5.6,105.7143,124.3,17.58,2018-11-09,1.3831,25.0,2018-11-14,0.3569710111,2018-11-29
113520,百合转债,2018-11-08,754313,100.0,603313,梦百合,,,,,,2018-11-07,2.125,5.1,2018-11-12,0.20363829,2018-11-26
113519,长久转债,2018-11-07,754569,100.0,603569,长久物流,6.28,11.04,56.8841,106.26,86.8,2018-11-06,1.249,7.0,2018-11-09,0.4128490065,2018-11-30
123016,洲明转债,2018-11-07,370232,100.0,300232,洲明科技,,,,,,2018-11-06,0.7199,5.480346,2018-11-09,0.3063894918,2018-12-03
128047,光电转债,2018-11-05,072179,100.0,002179,中航光电,,,,,,2018-11-02,1.6436,13.0,2018-11-07,0.0717898426,2018-12-07
128046,利尔转债,2018-10-17,072258,100.0,002258,利尔化学,23.9,18.42,129.7503,141.55,9.09,2018-10-16,1.6247,8.52,2018-10-19,0.183557581,2018-11-09
113518,顾家转债,2018-09-12,754816,100.0,603816,顾家家居,,,,,,2018-09-11,2.564,10.9731,2018-09-14,0.7513857,2018-10-09
128045,机电转债,2018-08-27,072013,100.0,002013,中航机电,,,,,,2018-08-24,0.5819,21.0,2018-08-29,0.1194692841,2018-09-14
128044,岭南转债,2018-08-14,072717,100.0,002717,岭南股份,3.0,5.59,53.6673,100.8,87.82,2018-08-13,0.6542,6.6,2018-08-16,0.8721686997,2018-09-04
123015,蓝盾转债,2018-08-13,370297,100.0,300297,蓝盾股份,3.41,5.79,58.8946,224.26,280.78,2018-08-10,0.4578,5.38,2018-08-15,1.2723052265,2018-09-13
113517,曙光转债,2018-08-06,754019,100.0,603019,中科曙光,,,,,,2018-08-03,1.741,11.2,2018-08-08,1.93242237,2018-08-23
113516,苏农转债,2018-08-02,754323,100.0,603323,苏农银行,5.23,5.37,97.3929,118.78,21.96,2018-08-01,1.726,25.0,2018-08-06,0.50867203,2018-08-20
128043,东音转债,2018-08-02,072793,100.0,002793,罗欣药业,,,,,,2018-08-01,1.4066,2.8132,2018-08-06,0.2131737173,2018-08-27
128042,凯中转债,2018-07-30,072823,100.0,002823,凯中精密,9.26,12.86,72.0062,109.502,52.07,2018-07-27,1.4274,4.16,2018-08-01,0.1981213289,2018-09-03
123014,凯发转债,2018-07-27,370407,100.0,300407,凯发电气,7.86,8.05,97.6398,132.0,35.19,2018-07-26,1.2659,3.498948,2018-07-31,0.4544232201,2018-08-21
113515,高能转债,2018-07-26,754588,100.0,603588,高能环境,,,,,,2018-07-25,1.268,8.4,2018-07-30,0.33663516,2018-08-27
123013,横河转债,2018-07-26,370539,100.0,300539,横河精密,6.94,9.04,76.7699,312.149,306.6,2018-07-25,0.6698,1.4,2018-07-30,0.1497632298,2018-08-20
113514,威帝转债,2018-07-20,754023,100.0,603023,威帝股份,,,,,,2018-07-19,0.555,2.0,2018-07-24,0.28316098,2018-08-13
123012,万顺转债,2018-07-20,370057,100.0,300057,万顺新材,8.16,5.27,154.8387,166.28,7.39,2018-07-19,2.1607,9.5,2018-07-24,1.7253346677,2018-08-29
123011,德尔转债,2018-07-18,370473,100.0,300473,德尔股份,20.26,31.38,64.5634,111.7,73.01,2018-07-17,5.3822,5.647066,2018-07-20,0.3253360078,2018-08-14
128041,盛路转债,2018-07-17,072446,100.0,002446,盛路通信,5.34,6.82,78.2991,282.8,261.18,2018-07-16,1.3121,10.0,2018-07-19,0.6087166663,2018-08-14
110045,海澜转债,2018-07-13,733398,100.0,600398,海澜之家,6.56,7.04,93.1818,114.05,22.4,2018-07-12,0.667,30.0,2018-07-17,1.01983687,2018-07-31
113513,安井转债,2018-07-12,754345,100.0,603345,安井食品,,,,,,2018-07-11,2.314,5.0,2018-07-16,0.11499054,2018-07-31
113512,景旺转债,2018-07-06,754228,100.0,603228,景旺电子,,,,,,2018-07-05,2.397,9.78,2018-07-10,0.2089026,2018-07-24
123010,博世转债,2018-07-05,370422,100.0,300422,博世科,8.2,11.26,72.8242,106.334,46.01,2018-07-04,1.2084,4.3,2018-07-09,0.3606992578,2018-08-14
127007,湖广转债,2018-06-28,070665,100.0,000665,湖北广电,3.23,5.58,57.8853,101.752,75.78,2018-06-27,2.7248,17.33592,2018-07-02,1.0127940397,2018-08-01
110044,广电转债,2018-06-27,733831,100.0,600831,广电网络,5.17,6.87,75.2547,207.86,176.21,2018-06-26,1.322,8.0,2018-06-29,0.33996425,2018-07-24
113511,千禾转债,2018-06-20,754027,100.0,603027,千禾味业,,,,,,2018-06-19,1.092,3.56,2018-06-22,0.14273811,2018-07-10
113510,再升转债,2018-06-19,754601,100.0,603601,再升科技,,,,,,2018-06-15,0.21,1.14,2018-06-21,0.06305227,2018-07-13
128040,华通转债,2018-06-14,072758,100.0,002758,浙农股份,10.17,10.15,100.197,119.96,19.72,2018-06-13,1.0666,2.24,2018-06-19,0.0430924584,2018-07-13
128039,三力转债,2018-06-08,072224,100.0,002224,三力士,4.79,5.79,82.7288,111.33,34.57,2018-06-07,0.9421,6.2,2018-06-12,0.1334178334,2018-06-29
113509,新泉转债,2018-06-04,754179,100.0,603179,新泉股份,,,,,,2018-06-01,1.98,4.5,2018-06-06,0.03063662,2018-06-22
113508,新凤转债,2018-04-26,754225,100.0,603225,新凤鸣,,,,,,2018-04-25,2.554,21.53,2018-05-02,0.23361055,2018-05-16
113507,天马转债,2018-04-17,754668,100.0,603668,天马科技,,,,,,2018-04-16,1.027,3.05,2018-04-19,0.0297476,2018-05-07
113506,鼎信转债,2018-04-16,754421,100.0,603421,鼎信通讯,,,,,,2018-04-13,1.354,6.0,2018-04-18,0.0720467,2018-05-14
128038,利欧转债,2018-03-22,072131,100.0,002131,利欧股份,,,,,,2018-03-21,0.3932,21.975475,2018-03-26,0.2701763885,2018-04-19
128037,岩土转债,2018-03-15,072542,100.0,002542,中化岩土,2.66,3.1,85.8065,108.0,25.86,2018-03-14,0.3333,6.0366,2018-03-19,0.0901341006,2018-04-25
127006,敖东转债,2018-03-13,070623,100.0,000623,吉林敖东,16.4,20.22,81.1078,110.091,35.73,2018-03-12,2.0752,24.13,2018-03-15,0.1237646368,2018-05-11
127005,长证转债,2018-03-12,070783,100.0,000783,长江证券,7.16,7.13,100.4208,121.9,21.39,2018-03-09,0.9042,50.0,2018-03-14,0.1239858672,2018-04-11
128036,金农转债,2018-03-09,072548,100.0,002548,金新农,5.9,6.93,85.1371,121.7,42.95,2018-03-08,1.7081,6.5,2018-03-13,0.0497315872,2018-04-02
123009,星源转债,2018-03-07,370568,100.0,300568,星源材质,,,,,,2018-03-06,2.5,4.8,2018-03-09,0.040900838,2018-04-10
113505,杭电转债,2018-03-06,754618,100.0,603618,杭电股份,7.87,7.08,111.1582,124.84,12.31,2018-03-05,1.135,7.8,2018-03-08,0.08433624,2018-03-27
113504,艾华转债,2018-03-02,754989,100.0,603989,艾华集团,41.04,20.81,197.2129,199.9,1.36,2018-03-01,2.303,6.91,2018-03-06,0.02186045,2018-03-23
113019,玲珑转债,2018-03-01,783966,100.0,601966,玲珑轮胎,,,,,,2018-02-28,1.666,20.0,2018-03-05,0.2118095,2018-03-22
128035,大族转债,2018-02-06,072008,100.0,002008,大族激光,43.69,51.9,84.1811,120.023,42.58,2018-02-05,2.1554,23.0,2018-02-08,0.1958289975,2018-03-05
123008,康泰转债,2018-02-01,370601,100.0,300601,康泰生物,,,,,,2018-01-31,0.8453,3.56,2018-02-05,0.0258361808,2018-03-19
110043,无锡转债,2018-01-30,733908,100.0,600908,无锡银行,5.73,5.61,102.139,120.09,17.58,2018-01-29,1.623,30.0,2018-02-01,0.18813428,2018-03-14
128034,江银转债,2018-01-26,072807,100.0,002807,江阴银行,3.74,4.32,86.5741,107.255,23.89,2018-01-25,1.1316,20.0,2018-01-30,0.1388860765,2018-02-14
113018,常熟转债,2018-01-19,783128,100.0,601128,常熟银行,,,,,,2018-01-18,1.349,30.0,2018-01-23,0.19235421,2018-02-06
123007,道氏转债,2017-12-28,370409,100.0,300409,道氏技术,,,,,,2017-12-27,2.2325,4.8,2018-01-02,0.0718270362,2018-01-26
128033,迪龙转债,2017-12-27,072658,100.0,002658,雪迪龙,7.71,8.56,90.0701,117.153,30.07,2017-12-26,0.8596,5.2,2017-12-29,0.0386994433,2018-01-29
113017,吉视转债,2017-12-27,783929,100.0,601929,吉视传媒,1.84,2.95,62.3729,101.35,62.49,2017-12-26,0.501,15.6,2017-12-29,0.39953747,2018-01-15
110042,航电转债,2017-12-25,733372,100.0,600372,中航电子,,,,,,2017-12-22,1.364,24.0,2017-12-27,0.19683703,2018-01-15
128032,双环转债,2017-12-25,072472,100.0,002472,双环传动,,,,,,2017-12-22,1.4626,10.0,2017-12-27,0.0824623999,2018-01-25
128030,天康转债,2017-12-22,072100,100.0,002100,天康生物,10.18,7.39,137.7537,211.0,53.17,2017-12-21,1.038,10.0,2017-12-26,0.061818344,2018-01-29
110041,蒙电转债,2017-12-22,733863,100.0,600863,内蒙华电,3.74,2.56,146.0938,145.03,-0.73,2017-12-21,0.322,18.7522,2017-12-26,0.26659535,2018-01-09
128029,太阳转债,2017-12-22,072078,100.0,002078,太阳纸业,11.54,8.45,136.568,161.759,18.45,2017-12-21,0.4628,12.0,2017-12-26,0.0430740717,2018-01-16
128028,赣锋转债,2017-12-21,072460,100.0,002460,赣锋锂业,,,,,,2017-12-20,1.2731,9.28,2017-12-25,0.0612867536,2018-01-19
123006,东财转债,2017-12-20,370059,100.0,300059,东方财富,,,,,,2017-12-19,1.0842,46.5,2017-12-22,0.4036125764,2018-01-29
123005,万信转债,2017-12-19,370168,100.0,300168,万达信息,,,,,,2017-12-18,0.8728,9.0,2017-12-21,0.0806532888,2018-01-30
123004,铁汉转债,2017-12-18,370197,100.0,300197,节能铁汉,2.77,3.82,72.5131,103.499,42.73,2017-12-15,0.7238,11.0,2017-12-20,0.0594310767,2018-01-26
113503,泰晶转债,2017-12-15,754738,100.0,603738,泰晶科技,,,,,,2017-12-14,1.896,2.15,2017-12-19,0.00934887,2018-01-02
128027,崇达转债,2017-12-15,072815,100.0,002815,崇达技术,,,,,,2017-12-14,1.9512,8.0,2017-12-19,0.0186920436,2018-01-22
128026,众兴转债,2017-12-13,072772,100.0,002772,众兴菌业,8.13,11.36,71.5669,109.0,52.31,2017-12-12,2.4643,9.2,2017-12-15,0.0562980296,2018-01-03
123003,蓝思转债,2017-12-08,370433,100.0,300433,蓝思科技,,,,,,2017-12-07,1.8335,48.0,2017-12-12,0.330406672,2018-01-17
128025,特一转债,2017-12-06,072728,100.0,002728,特一药业,12.26,14.05,87.2598,113.7,30.3,2017-12-05,1.77,3.54,2017-12-08,0.0053821036,2017-12-28
128024,宁行转债,2017-12-05,072142,200.0,002142,宁波银行,,,,,,2017-12-04,1.9724,100.0,2017-12-07,0.0522117418,2018-01-12
128023,亚太转债,2017-12-04,072284,100.0,002284,亚太股份,6.9,10.34,66.7311,109.85,64.62,2017-12-01,1.3558,10.0,2017-12-06,0.0245376003,2017-12-26
128022,众信转债,2017-12-01,072707,100.0,002707,众信旅游,4.8,7.92,60.6061,105.65,74.32,2017-11-30,0.8359,7.0,2017-12-05,0.0033737505,2017-12-28
128021,兄弟转债,2017-11-28,072562,100.0,002562,兄弟科技,4.3,5.19,82.8516,113.8,37.35,2017-11-27,1.2929,7.0,2017-11-30,0.0013344475,2017-12-27
110040,生益转债,2017-11-24,733183,100.0,600183,生益科技,,,,,,2017-11-23,1.236,18.0,2017-11-28,0.00565852,2017-12-11
123002,国祯转债,2017-11-24,370388,100.0,300388,节能国祯,7.15,8.36,85.5263,112.219,31.21,2017-11-23,1.953,5.97,2017-11-28,0.0038855802,2017-12-25
128020,水晶转债,2017-11-17,072273,100.0,002273,水晶光电,,,,,,2017-11-16,1.78,11.8,2017-11-21,0.0044256667,2017-12-12
110039,宝信转债,2017-11-17,733845,100.0,600845,宝信软件,,,,,,2017-11-16,2.885,16.0,2017-11-21,0.00788728,2017-12-05
110038,济川转债,2017-11-13,733566,100.0,600566,济川药业,18.37,23.4,78.5043,111.5,42.03,2017-11-10,1.041,8.4316,2017-11-15,0.01157125,2017-11-29
113502,嘉澳转债,2017-11-10,754822,100.0,603822,嘉澳环保,41.7,44.64,93.414,124.64,33.43,2017-11-09,2.522,1.85,2017-11-14,0.00137415,2017-11-27
128019,久立转2,2017-11-08,072318,100.0,002318,久立特材,,,,,,2017-11-07,1.2358,10.4,2017-11-10,0.0050797097,2017-12-01
113016,小康转债,2017-11-06,783127,100.0,601127,小康股份,68.35,16.96,403.0071,409.11,1.51,2017-11-03,1.649,15.0,2017-11-08,0.00291446,2017-11-21
128018,时达转债,2017-11-06,072527,100.0,002527,新时达,,,,,,2017-11-03,1.423,8.825057,2017-11-08,0.0040705857,2017-12-04
113015,隆基转债,2017-11-02,783012,100.0,601012,隆基股份,,,,,,2017-11-01,1.402,28.0,2017-11-06,0.00908429,2017-11-20
128017,金禾转债,2017-11-01,072597,100.0,002597,金禾实业,48.1,21.97,218.9349,235.0,7.34,2017-10-31,1.0633,6.0,2017-11-03,0.001272845,2017-11-27
113014,林洋转债,2017-10-27,783222,500.0,601222,林洋能源,,,,,,2017-10-26,1.7,30.0,2017-10-31,0.00294586,2017-11-13
128016,雨虹转债,2017-09-25,072271,1000.0,002271,东方雨虹,,,,,,2017-09-22,2.0865,18.4,2017-09-27,0.0013187948,2017-10-20
113013,国君转债,2017-07-07,783211,7000.0,601211,国泰君安,16.99,18.45,92.0867,118.46,28.64,2017-07-06,0.931,70.0,2017-07-13,0.0809703908,2017-07-24
128015,久其转债,2017-06-08,072279,7800.0,002279,久其软件,4.16,6.97,59.6844,103.046,72.65,2017-06-07,1.1084,7.8,2017-06-14,2.3814174467,2017-06-27
127004,模塑转债,2017-06-02,070700,2000.0,000700,模塑科技,4.86,7.24,67.1271,208.1,210.01,2017-06-01,1.1344,8.1366,2017-06-08,0.508641,2017-06-26
128014,永东转债,2017-04-17,072753,3400.0,002753,永东股份,8.08,12.52,64.5367,109.949,70.37,2017-04-14,2.2965,3.4,2017-04-21,1.322866,2017-05-12
113012,骆驼转债,2017-03-24,783311,5000.0,601311,骆驼股份,,,,,,2017-03-23,0.845,7.17,2017-03-30,0.15814823,2017-04-13
113011,光大转债,2017-03-17,783818,60000.0,601818,光大银行,3.34,3.55,94.0845,114.6,21.81,2017-03-16,0.753,300.0,2017-03-23,0.4999251,2017-04-05
128013,洪涛转债,2016-07-29,072325,5000.0,002325,洪涛股份,2.39,2.32,103.0172,111.0,7.75,2016-07-28,0.998,12.0,2016-08-04,0.35024,2016-08-23
127003,海印转债,2016-06-08,070861,22220.0,000861,海印股份,1.99,2.99,66.5552,108.11,62.44,2016-06-07,0.4938,11.11,2016-06-16,0.099788,2016-07-01
128012,辉丰转债,2016-04-21,072496,84500.0,002496,ST辉丰,,,,,,2016-04-20,2.13,8.45,2016-04-27,0.9877089047,2016-05-17
113010,江南转债,2016-03-18,783199,15200.0,601199,江南水务,,,,,,2016-03-17,1.625,7.6,2016-03-24,0.11007853,2016-04-05
128011,汽模转债,2016-03-02,072510,42000.0,002510,天汽模,,,,,,2016-03-01,1.0206,4.2,2016-03-08,0.2163201617,2016-03-24
110035,白云转债,2016-02-26,733004,70000.0,600004,白云机场,,,,,,2016-02-25,3.043,35.0,2016-03-03,0.08414922,2016-03-15
128010,蔚蓝转债,2016-01-22,072245,10200.0,002245,蔚蓝锂芯,,,,,,2016-01-21,0.523822,5.1,2016-01-28,0.637541,2016-02-23
113009,广汽转债,2016-01-22,783238,123167.4,601238,广汽集团,17.6,13.97,125.9843,129.27,2.61,2016-01-21,0.972,41.0558,2016-01-28,0.24689559,2016-02-04
110034,九州转债,2016-01-15,733998,30000.0,600998,九州通,13.44,17.83,75.3786,109.97,45.89,2016-01-14,0.91,15.0,2016-01-21,0.10112394,2016-01-29
110033,国贸转债,2016-01-05,733755,70000.0,600755,厦门国贸,6.87,6.72,102.2321,101.64,-0.58,2016-01-04,1.682,28.0,2016-01-11,0.1081244,2016-01-19
110032,三一转债,2016-01-04,733031,90000.0,600031,三一重工,,,,,,2015-12-31,0.59,45.0,2016-01-08,0.36890926,2016-01-18
123001,蓝标转债,2015-12-18,370058,28000.0,300058,蓝色光标,,,,,,2015-12-17,0.7249,14.0,2015-12-24,0.058213,2016-01-08
110031,航信转债,2015-06-12,733271,60000.0,600271,航天信息,,,,,,2015-06-11,2.599,24.0,2015-06-18,0.0322132,2015-06-30
113008,电气转债,2015-02-02,783727,120000.0,601727,上海电气,,,,,,2015-01-30,2.229,60.0,2015-02-06,0.28416309847,2015-02-16
110030,格力转债,2014-12-25,733185,19600.0,600185,格力地产,,,,,,2014-12-24,1.696,9.8,2014-12-31,0.2847346,2015-01-13
128009,歌尔转债,2014-12-12,072241,150000.0,002241,歌尔股份,,,,,,2014-12-11,1.6378,25.0,2014-12-18,0.119658,2014-12-26
113501,洛钼转债,2014-12-02,754993,122500.0,603993,洛阳钼业,,,,,,2014-12-01,1.301,49.0,2014-12-08,0.32164493,2014-12-16
110029,浙能转债,2014-10-13,733023,300000.0,600023,浙能电力,,,,,,,,100.0,2014-10-17,0.86151118,2014-10-28
128008,齐峰转债,2014-09-15,072521,19000.0,002521,齐峰新材,,,,,,2014-09-12,1.8076,7.6,2014-09-19,0.219432,2014-10-10
113007,吉视转债,2014-09-05,783929,42500.0,601929,吉视传媒,,,,,,2014-09-04,1.158,17.0,2014-09-12,0.16027924,2014-09-25
128007,通鼎转债,2014-08-15,072491,15000.0,002491,通鼎互联,,,,,,2014-08-14,1.6763,6.0,2014-08-21,0.221326,2014-09-05
110028,冠城转债,2014-07-18,733067,72000.0,600067,冠城大通,,,,,,2014-07-17,1.511,18.0,2014-07-24,0.63246803,2014-08-01
110027,东方转债,2014-07-10,733875,160000.0,600875,东方电气,,,,,,2014-07-09,2.404,40.0,2014-07-16,1.27810498,2014-07-25
128006,长青转债,2014-06-20,072391,15700.0,002391,长青股份,,,,,,2014-06-19,2.0036,6.3176,2014-06-26,1.958002,2014-07-09
110025,国金转债,2014-05-14,733109,125000.0,600109,国金证券,,,,,,2014-05-13,1.931,25.0,2014-05-20,1.13354136,2014-06-03
128005,齐翔转债,2014-04-18,072408,31000.0,002408,齐翔腾达,,,,,,2014-04-17,2.2117,12.4,2014-04-24,0.380908,2014-05-13
128004,久立转债,2014-02-25,072318,48700.0,002318,久立特材,,,,,,2014-02-24,1.5608,4.87,2014-03-03,2.7896911976,2014-03-14
113006,深燃转债,2013-12-13,783139,80000.0,601139,深圳燃气,,,,,,2013-12-12,0.807,16.0,2013-12-19,0.58749396,2013-12-27
113005,平安转债,2013-11-22,783318,1300000.0,601318,中国平安,,,,,,2013-11-21,5.432,260.0,2013-11-28,3.41767462,2013-12-09
127002,徐工转债,2013-10-25,070425,125000.0,000425,徐工机械,,,,,,2013-10-24,1.2119,25.0,2013-10-31,3.048575,2013-11-15
110024,隧道转债,2013-09-13,733820,130000.0,600820,隧道股份,,,,,,2013-09-12,2.002,26.0,2013-09-23,0.99924365,2013-09-30
128003,华天转债,2013-08-12,072185,46100.0,002185,华天科技,,,,,,2013-08-09,0.70944,4.61,2013-08-16,1.6848595662,2013-08-28
128002,东华转债,2013-07-26,072065,50000.0,002065,东华软件,,,,,,2013-07-25,1.4493,10.0,2013-08-01,0.067268,2013-08-19
110023,民生转债,2013-03-15,733016,500000.0,600016,民生银行,,,,,,2013-03-14,0.885,200.0,2013-03-21,0.36815827,2013-03-29
128001,泰尔转债,2013-01-09,072347,32000.0,002347,泰尔股份,,,,,,2013-01-08,3.0769,3.2,2013-01-15,2.3282201555,2013-01-28
127001,海直转债,2012-12-19,070099,26000.0,000099,中信海直,,,,,,2012-12-18,1.2655,6.5,2012-12-25,0.823505,2013-01-07
110022,同仁转债,2012-12-04,733085,60250.0,600085,同仁堂,,,,,,2012-12-03,0.925,12.05,2012-12-10,0.77846936,2012-12-18
110020,南山转债,2012-10-16,733219,240000.0,600219,南山铝业,,,,,,2012-10-15,3.102,60.0,2012-10-22,0.80618459,2012-10-31
113003,重工转债,2012-06-04,783989,402507.5,601989,中国重工,,,,,,2012-06-01,1.798,80.5015,2012-06-08,0.45930473,2012-06-18
110019,恒丰转债,2012-03-23,733356,22500.0,600356,恒丰纸业,,,,,,2012-03-22,1.943,4.5,2012-03-29,0.4167605664,2012-04-12
110018,国电转债,2011-08-19,733795,275000.0,600795,国电电力,,,,,,2011-08-18,0.357,55.0,2011-08-25,1.08876067,2011-09-02
110017,中海转债,2011-08-01,733026,197500.0,600026,中远海能,,,,,,2011-07-29,1.873,39.5,2011-08-05,0.32775285,2011-08-12
129031,巨轮转2,2011-07-19,072031,17500.0,002031,巨轮智能,,,,,,2011-07-18,0.8795,3.5,2011-07-25,0.421413,2011-08-04
125089,深机转债,2011-07-15,070089,100000.0,000089,深圳机场,,,,,,2011-07-14,1.1832,20.0,2011-07-21,1.340502,2011-08-10
110016,川投转债,2011-03-21,733674,105000.0,600674,川投能源,,,,,,2011-03-18,2.25,21.0,2011-03-25,0.56076747,2011-03-31
110015,石化转债,2011-02-23,733028,1150000.0,600028,中国石化,,,,,,2011-02-22,3.314,230.0,2011-03-01,0.5915442,2011-03-07
125887,中鼎转债,2011-02-11,070887,30000.0,000887,中鼎股份,,,,,,2011-02-10,0.35248,3.0,2011-02-17,0.22361624,2011-03-01
110013,国投转债,2011-01-25,733886,170000.0,600886,国投电力,,,,,,2011-01-24,1.704,34.0,2011-01-31,0.23933947,2011-02-15
110012,海运转债,2011-01-07,733798,36000.0,600798,宁波海运,,,,,,2011-01-06,0.82,7.2,2011-01-13,0.21219168,2011-01-20
110011,歌华转债,2010-11-25,733037,80000.0,600037,歌华有线,,,,,,2010-11-24,1.258,16.0,2010-12-01,0.4762043,2010-12-10
126729,燕京转债,2010-10-15,070729,56500.0,000729,燕京啤酒,,,,,,2010-10-14,0.9336,11.3,2010-10-21,0.0761902683,2010-11-03
113002,工行转债,2010-08-31,783398,750000.0,601398,工商银行,,,,,,2010-08-30,0.51,250.0,2010-09-06,0.82312741,2010-09-10
128233,塔牌转债,2010-08-26,072233,31500.0,002233,塔牌集团,,,,,,2010-08-25,0.7875,6.3,2010-09-01,0.221529,2010-09-16
126630,铜陵转债,2010-07-15,070630,100000.0,000630,铜陵有色,,,,,,2010-07-14,1.23613,20.0,2010-07-21,0.57551,2010-08-06
113001,中行转债,2010-06-02,783988,2000000.0,601988,中国银行,,,,,,2010-06-01,3.75,400.0,2010-06-08,1.89149048,2010-06-18
125731,美丰转债,2010-06-02,070731,65000.0,000731,四川美丰,,,,,,2010-06-01,0.6503,6.5,2010-06-08,1.1667376,2010-06-25
110009,双良转债,2010-05-04,733481,72000.0,600481,双良节能,,,,,,2010-04-30,0.88,7.2,2010-05-10,0.38672931,2010-05-14
110008,王府转债,2009-10-19,733859,82100.0,600859,王府井,,,,,,2009-10-16,2.0,8.21,2009-10-23,0.13724713,2009-10-30
110007,博汇转债,2009-09-23,733966,29250.0,600966,博汇纸业,,,,,,2009-09-22,1.8,9.75,2009-09-29,0.10594958,2009-10-16
125969,安泰转债,2009-09-16,070969,75000.0,000969,安泰科技,,,,,,2009-09-15,1.699,7.5,2009-09-22,0.17619513,2009-10-12
110006,龙盛转债,2009-09-14,733352,62500.0,600352,浙江龙盛,,,,,,2009-09-11,0.6,12.5,2009-09-18,0.17260478,2009-09-25
110005,西洋转债,2009-09-03,733558,26500.0,600558,大西洋,,,,,,2009-09-02,1.1,2.65,2009-09-09,0.16046928,2009-09-21
110004,厦工转债,2009-08-28,733815,60000.0,600815,厦工股份,,,,,,2009-08-27,0.85,6.0,2009-09-03,0.12831172,2009-09-11
126019,09长虹债,2009-07-31,733839,150000.0,600839,四川长虹,,,,,,2009-07-30,1.264,30.0,2009-08-06,0.2691616,2009-08-19
126018,08江铜债,2008-09-22,733362,306000.0,600362,江西铜业,,,,,,2008-09-19,2.495,68.0,2008-09-26,1.2104992,2008-10-10
110003,新钢转债,2008-08-21,733782,82800.0,600782,新钢股份,,,,,,2008-08-20,1.0,27.6,2008-08-27,0.7864831,2008-09-05
126017,08葛洲债,2008-06-26,733068,69500.0,600068,葛洲坝,,,,,,2008-06-25,0.48,13.9,2008-07-02,0.25012235,2008-07-11
126016,08宝钢债,2008-06-20,733019,500000.0,600019,宝钢股份,,,,,,2008-06-19,1.78,100.0,2008-06-26,0.61040733,2008-07-04
126015,08康美债,2008-05-08,733518,45000.0,600518,*ST康美,,,,,,2008-05-07,0.58,9.0,2008-05-14,0.58759344,2008-05-26
126014,08国电债,2008-05-07,733795,182250.0,600795,国电电力,,,,,,2008-05-06,0.73,39.95,2008-05-13,0.51227909,2008-05-22
110002,南山转债,2008-04-18,733219,170000.0,600219,南山铝业,,,,,,2008-04-17,2.123,28.0,2008-04-24,2.00746423,2008-05-13
125528,柳工转债,2008-04-18,070528,40000.0,000528,柳工,,,,,,2008-04-17,1.0,8.0,2008-04-24,0.3948258283,2008-05-06
126013,08青啤债,2008-04-02,733600,75000.0,600600,青岛啤酒,,,,,,2008-04-01,2.29,15.0,2008-04-09,0.30119216,2008-04-18
110368,五洲转债,2008-02-29,733368,54000.0,600368,五洲交通,,,,,,2008-02-28,1.0,5.4,2008-03-06,0.20140144,2008-03-14
126012,08上港债,2008-02-20,733018,245000.0,600018,上港集团,,,,,,2008-02-19,0.51,24.5,2008-02-26,0.37946159,2008-03-07
126011,08石化债,2008-02-20,733028,3000000.0,600028,中国石化,,,,,,2008-02-19,0.429,300.0,2008-02-26,1.3146638,2008-03-04
115003,中兴债1,2008-01-30,070063,400000.0,000063,中兴通讯,,,,,,2008-01-29,3.7,40.0,2008-02-05,1.88975433,2008-02-22
126009,08赣粤债,2008-01-28,733269,60000.0,600269,赣粤高速,,,,,,2008-01-25,0.96,12.0,2008-02-01,1.56138382,2008-02-28
126010,08中远债,2008-01-28,733428,52500.0,600428,中远海特,,,,,,2008-01-25,0.96,10.5,2008-02-01,0.84985151,2008-02-26
125572,海马转债,2008-01-16,070572,82000.0,000572,海马汽车,,,,,,2008-01-15,1.0,8.2,2008-01-22,0.4120096696,2008-01-30
126008,08上汽债,2007-12-19,733104,550000.0,600104,上汽集团,,,,,,2007-12-18,0.96,63.0,2007-12-25,0.50512098,2008-01-08
110598,大荒转债,2007-12-19,733598,150000.0,600598,北大荒,,,,,,2007-12-18,0.9,15.0,2007-12-25,0.53437573,2007-12-28
125709,唐钢转债,2007-12-14,070709,300000.0,000709,河钢股份,,,,,,2007-12-13,0.66,30.0,2007-12-20,1.2342188236,2007-12-28
126007,07日照债,2007-11-27,733017,44000.0,600017,日照港,,,,,,2007-11-26,0.956,8.8,2007-12-03,0.70535556,2007-12-12
110227,赤化转债,2007-10-10,733227,45000.0,600227,圣济堂,,,,,,2007-10-09,2.4,4.5,2007-10-16,0.15885419,2007-10-23
126006,07深高债,2007-10-09,733548,75000.0,600548,深高速,,,,,,2007-10-08,1.8,15.0,2007-10-15,0.29030449,2007-10-30
110971,恒源转债,2007-09-24,733971,40000.0,600971,恒源煤电,,,,,,2007-09-21,1.0,4.0,2007-09-28,5.31177382,2007-10-12
110567,山鹰转债,2007-09-05,733567,47000.0,600567,山鹰国际,,,,,,2007-09-04,1.1,4.7,2007-09-11,0.49639122,2007-09-17
110026,中海转债,2007-07-02,733026,200000.0,600026,中远海能,,,,,,2007-06-29,0.9,20.0,2007-07-06,1.33345287,2007-07-12
